src_id,dst_id,edge_type,weight,attrs_json
reddit:post:1ngsy90,reddit:author:orangeclaypot,AUTHORED_BY,1.0,{}
reddit:post:1ngsy90,reddit:container:ElectricVehicles,IN_CONTAINER,1.0,{}
reddit:post:1h1rcge,reddit:author:ChillerID,AUTHORED_BY,1.0,{}
reddit:post:1h1rcge,reddit:container:ElectricVehicles,IN_CONTAINER,1.0,{}
reddit:post:1h1rcge,domain:investing.com,LINKS_TO_DOMAIN,1.0,{}
reddit:post:1h1rcge,domain:investing.com,LINKS_TO_DOMAIN,1.0,{}
reddit:post:1h1rcge,domain:financialexpress.com,LINKS_TO_DOMAIN,1.0,{}
reddit:post:1h1rcge,BRAND,MENTIONS_BRAND,4.0,{}
reddit:post:1h1rcge,BRAND,MENTIONS_BRAND,1.0,{}
reddit:post:1gyqsgr,reddit:author:ChillerID,AUTHORED_BY,1.0,{}
reddit:post:1gyqsgr,reddit:container:ElectricVehicles,IN_CONTAINER,1.0,{}
reddit:post:1gyqsgr,domain:gaadiwaadi.com,LINKS_TO_DOMAIN,1.0,{}
reddit:post:1gyqsgr,domain:gaadiwaadi.com,LINKS_TO_DOMAIN,1.0,{}
reddit:post:1gyqsgr,domain:gachaco.co.jp,LINKS_TO_DOMAIN,1.0,{}
reddit:post:1gyqsgr,domain:gachaco.co.jp,LINKS_TO_DOMAIN,1.0,{}
reddit:post:1lw9bqm,reddit:author:Financial-Payment764,AUTHORED_BY,1.0,{}
reddit:post:1lw9bqm,reddit:container:ElectricVehicles,IN_CONTAINER,1.0,{}
reddit:post:1lw9bqm,BRAND,MENTIONS_BRAND,1.0,{}
reddit:post:1lw9bqm,BRAND,MENTIONS_BRAND,1.0,{}
reddit:post:1jjcdy9,reddit:author:Traditional_Power830,AUTHORED_BY,1.0,{}
reddit:post:1jjcdy9,reddit:container:ElectricVehicles,IN_CONTAINER,1.0,{}
reddit:post:1jjcdy9,BRAND,MENTIONS_BRAND,3.0,{}
reddit:post:1mmolag,reddit:author:astrofuzzics,AUTHORED_BY,1.0,{}
reddit:post:1mmolag,reddit:container:ElectricVehicles,IN_CONTAINER,1.0,{}
reddit:post:1mmolag,BRAND,MENTIONS_BRAND,1.0,{}
reddit:post:1m5k814,reddit:author:Quint87,AUTHORED_BY,1.0,{}
reddit:post:1m5k814,reddit:container:ElectricVehicles,IN_CONTAINER,1.0,{}
reddit:post:1m5k814,domain:redd.it,LINKS_TO_DOMAIN,1.0,{}
reddit:post:1m5k814,BRAND,MENTIONS_BRAND,2.0,{}
reddit:post:1lwlccc,reddit:author:ejmcguir,AUTHORED_BY,1.0,{}
reddit:post:1lwlccc,reddit:container:ElectricVehicles,IN_CONTAINER,1.0,{}
reddit:post:1kxu7oq,reddit:author:chilidoggo,AUTHORED_BY,1.0,{}
reddit:post:1kxu7oq,reddit:container:ElectricVehicles,IN_CONTAINER,1.0,{}
reddit:post:1kxu7oq,domain:energy.gov,LINKS_TO_DOMAIN,1.0,{}
reddit:post:1kxu7oq,domain:chooseev.com,LINKS_TO_DOMAIN,1.0,{}
reddit:post:1kxu7oq,domain:chargevc.org,LINKS_TO_DOMAIN,1.0,{}
reddit:post:1kxu7oq,domain:reddit.com,LINKS_TO_DOMAIN,1.0,{}
reddit:post:1kxu7oq,domain:irs.gov,LINKS_TO_DOMAIN,1.0,{}
reddit:post:1kxu7oq,domain:geotab.com,LINKS_TO_DOMAIN,1.0,{}
reddit:post:1kxu7oq,BRAND,MENTIONS_BRAND,3.0,{}
reddit:post:1ktff15,reddit:author:One-Demand6811,AUTHORED_BY,1.0,{}
reddit:post:1ktff15,reddit:container:ElectricVehicles,IN_CONTAINER,1.0,{}
reddit:post:1ktff15,domain:bicycling.com,LINKS_TO_DOMAIN,1.0,{}
reddit:post:1ktff15,domain:sustainable-bus.com,LINKS_TO_DOMAIN,1.0,{}
reddit:post:1ktff15,domain:youtu.be,LINKS_TO_DOMAIN,1.0,{}
reddit:post:1ktff15,domain:wikipedia.org,LINKS_TO_DOMAIN,1.0,{}
reddit:post:1ktff15,domain:wikipedia.org,LINKS_TO_DOMAIN,1.0,{}
reddit:post:1k5swtw,reddit:author:Ok-Limit-9726,AUTHORED_BY,1.0,{}
reddit:post:1k5swtw,reddit:container:ElectricVehicles,IN_CONTAINER,1.0,{}
reddit:post:1icxk5s,reddit:author:familyZW,AUTHORED_BY,1.0,{}
reddit:post:1icxk5s,reddit:container:ElectricVehicles,IN_CONTAINER,1.0,{}
reddit:post:1i8rf7e,reddit:author:Interesting_Ninja779,AUTHORED_BY,1.0,{}
reddit:post:1i8rf7e,reddit:container:ElectricVehicles,IN_CONTAINER,1.0,{}
reddit:post:1i8rf7e,BRAND,MENTIONS_BRAND,1.0,{}
reddit:post:1hp1ns2,reddit:author:Giveaway_Guy,AUTHORED_BY,1.0,{}
reddit:post:1hp1ns2,reddit:container:ElectricVehicles,IN_CONTAINER,1.0,{}
reddit:post:1nvl66z,reddit:author:-ThatGingerKid-,AUTHORED_BY,1.0,{}
reddit:post:1nvl66z,reddit:container:ElectricVehicles,IN_CONTAINER,1.0,{}
reddit:post:1nvl66z,BRAND,MENTIONS_BRAND,1.0,{}
reddit:post:1nv4xg2,reddit:author:her_o-mione,AUTHORED_BY,1.0,{}
reddit:post:1nv4xg2,reddit:container:ElectricVehicles,IN_CONTAINER,1.0,{}
reddit:post:1nuffn3,reddit:author:PragmaticProkopton,AUTHORED_BY,1.0,{}
reddit:post:1nuffn3,reddit:container:ElectricVehicles,IN_CONTAINER,1.0,{}
reddit:post:1nuffn3,BRAND,MENTIONS_BRAND,1.0,{}
reddit:post:1nubonp,reddit:author:Aggravating_Mode_363,AUTHORED_BY,1.0,{}
reddit:post:1nubonp,reddit:container:ElectricVehicles,IN_CONTAINER,1.0,{}
reddit:post:1ntvmbb,reddit:author:IanTrader,AUTHORED_BY,1.0,{}
reddit:post:1ntvmbb,reddit:container:ElectricVehicles,IN_CONTAINER,1.0,{}
reddit:post:1ntvmbb,BRAND,MENTIONS_BRAND,5.0,{}
reddit:post:1ntqcyi,reddit:author:justanotherelvis15,AUTHORED_BY,1.0,{}
reddit:post:1ntqcyi,reddit:container:ElectricVehicles,IN_CONTAINER,1.0,{}
reddit:post:1ntmq98,reddit:author:blr1g,AUTHORED_BY,1.0,{}
reddit:post:1ntmq98,reddit:container:ElectricVehicles,IN_CONTAINER,1.0,{}
reddit:post:1ntd7gf,reddit:author:lumpiang-shanghai01,AUTHORED_BY,1.0,{}
reddit:post:1ntd7gf,reddit:container:ElectricVehicles,IN_CONTAINER,1.0,{}
reddit:post:1nsncbh,reddit:author:user10515,AUTHORED_BY,1.0,{}
reddit:post:1nsncbh,reddit:container:ElectricVehicles,IN_CONTAINER,1.0,{}
reddit:post:1nsncbh,BRAND,MENTIONS_BRAND,1.0,{}
reddit:post:1ns6k3i,reddit:author:dogwithasword,AUTHORED_BY,1.0,{}
reddit:post:1ns6k3i,reddit:container:ElectricVehicles,IN_CONTAINER,1.0,{}
reddit:post:1ns6k3i,BRAND,MENTIONS_BRAND,1.0,{}
reddit:post:1nrai73,reddit:author:Naive-Abrocoma-8455,AUTHORED_BY,1.0,{}
reddit:post:1nrai73,reddit:container:ElectricVehicles,IN_CONTAINER,1.0,{}
reddit:post:1npyp7y,reddit:author:Relative-Good-6886,AUTHORED_BY,1.0,{}
reddit:post:1npyp7y,reddit:container:ElectricVehicles,IN_CONTAINER,1.0,{}
reddit:post:1npufhi,reddit:author:Visionary785,AUTHORED_BY,1.0,{}
reddit:post:1npufhi,reddit:container:ElectricVehicles,IN_CONTAINER,1.0,{}
reddit:post:1nprjhm,reddit:author:rennan,AUTHORED_BY,1.0,{}
reddit:post:1nprjhm,reddit:container:ElectricVehicles,IN_CONTAINER,1.0,{}
reddit:post:1nprjhm,BRAND,MENTIONS_BRAND,1.0,{}
reddit:post:1nor9la,reddit:author:exmothrowaway994,AUTHORED_BY,1.0,{}
reddit:post:1nor9la,reddit:container:ElectricVehicles,IN_CONTAINER,1.0,{}
reddit:post:1nor9la,BRAND,MENTIONS_BRAND,1.0,{}
reddit:comment:nh5y4le,reddit:author:VralGrymfang,AUTHORED_BY,1.0,{}
reddit:comment:nh5y4le,reddit:post:1nv4xg2,REPLY_TO,1.0,{}
reddit:comment:nh60o7u,reddit:author:QAWSEDRFTYHUJIKOLP,AUTHORED_BY,1.0,{}
reddit:comment:nh60o7u,reddit:post:1nv4xg2,REPLY_TO,1.0,{}
reddit:comment:nh7aqiq,reddit:author:Sagrilarus,AUTHORED_BY,1.0,{}
reddit:comment:nh7aqiq,reddit:post:1nv4xg2,REPLY_TO,1.0,{}
reddit:comment:nh7xaex,reddit:author:huuaaang,AUTHORED_BY,1.0,{}
reddit:comment:nh7xaex,reddit:post:1nv4xg2,REPLY_TO,1.0,{}
reddit:comment:nh9wgez,reddit:author:NotCook59,AUTHORED_BY,1.0,{}
reddit:comment:nh9wgez,reddit:post:1nv4xg2,REPLY_TO,1.0,{}
reddit:comment:nh5ypsk,reddit:author:Emergency-Drawer-535,AUTHORED_BY,1.0,{}
reddit:comment:nh5ypsk,reddit:post:1nv4xg2,REPLY_TO,1.0,{}
reddit:comment:nh6do3v,reddit:author:her_o-mione,AUTHORED_BY,1.0,{}
reddit:comment:nh6do3v,reddit:comment:nh60o7u,REPLY_TO,1.0,{}
reddit:comment:nh6dpef,reddit:author:her_o-mione,AUTHORED_BY,1.0,{}
reddit:comment:nh6dpef,reddit:comment:nh606h5,REPLY_TO,1.0,{}
reddit:comment:nh6did8,reddit:author:her_o-mione,AUTHORED_BY,1.0,{}
reddit:comment:nh6did8,reddit:comment:nh5ypsk,REPLY_TO,1.0,{}
reddit:comment:nh5ywfn,reddit:author:Emergency-Drawer-535,AUTHORED_BY,1.0,{}
reddit:comment:nh5ywfn,reddit:comment:nh5ypsk,REPLY_TO,1.0,{}
reddit:comment:nh7bado,reddit:author:Sagrilarus,AUTHORED_BY,1.0,{}
reddit:comment:nh7bado,reddit:comment:nh6do3v,REPLY_TO,1.0,{}
reddit:comment:nh7gcds,reddit:author:SmokeySFW,AUTHORED_BY,1.0,{}
reddit:comment:nh7gcds,reddit:comment:nh6do3v,REPLY_TO,1.0,{}
reddit:comment:nh70f1n,reddit:author:wwwhatisgoingon,AUTHORED_BY,1.0,{}
reddit:comment:nh70f1n,reddit:comment:nh6dpef,REPLY_TO,1.0,{}
reddit:comment:nh6fosz,reddit:author:Emergency-Drawer-535,AUTHORED_BY,1.0,{}
reddit:comment:nh6fosz,reddit:comment:nh6did8,REPLY_TO,1.0,{}
reddit:comment:nhaz3u2,reddit:author:InertiaImpact,AUTHORED_BY,1.0,{}
reddit:comment:nhaz3u2,reddit:comment:nh6did8,REPLY_TO,1.0,{}
reddit:comment:nh5zeao,reddit:author:rdyoung,AUTHORED_BY,1.0,{}
reddit:comment:nh5zeao,reddit:comment:nh5ywfn,REPLY_TO,1.0,{}
reddit:comment:nh7bt4a,reddit:author:Sagrilarus,AUTHORED_BY,1.0,{}
reddit:comment:nh7bt4a,reddit:comment:nh5ywfn,REPLY_TO,1.0,{}
reddit:comment:nh7az11,reddit:author:her_o-mione,AUTHORED_BY,1.0,{}
reddit:comment:nh7az11,reddit:comment:nh70f1n,REPLY_TO,1.0,{}
reddit:comment:nh79gsy,reddit:author:PublicWolf7234,AUTHORED_BY,1.0,{}
reddit:comment:nh79gsy,reddit:comment:nh6fosz,REPLY_TO,1.0,{}
reddit:comment:nh6347w,reddit:author:Emergency-Drawer-535,AUTHORED_BY,1.0,{}
reddit:comment:nh6347w,reddit:comment:nh5zeao,REPLY_TO,1.0,{}
reddit:comment:nh63gd0,reddit:author:Emergency-Drawer-535,AUTHORED_BY,1.0,{}
reddit:comment:nh63gd0,reddit:comment:nh5zeao,REPLY_TO,1.0,{}
reddit:comment:nh9v7h5,reddit:author:NotCook59,AUTHORED_BY,1.0,{}
reddit:comment:nh9v7h5,reddit:comment:nh79gsy,REPLY_TO,1.0,{}
reddit:comment:nhb4zcn,reddit:author:Emergency-Drawer-535,AUTHORED_BY,1.0,{}
reddit:comment:nhb4zcn,reddit:comment:nh79gsy,REPLY_TO,1.0,{}
reddit:comment:nh68ggp,reddit:author:rdyoung,AUTHORED_BY,1.0,{}
reddit:comment:nh68ggp,reddit:comment:nh6347w,REPLY_TO,1.0,{}
reddit:comment:nh695fz,reddit:author:Emergency-Drawer-535,AUTHORED_BY,1.0,{}
reddit:comment:nh695fz,reddit:comment:nh68ggp,REPLY_TO,1.0,{}
reddit:comment:nh6dzrl,reddit:author:rdyoung,AUTHORED_BY,1.0,{}
reddit:comment:nh6dzrl,reddit:comment:nh695fz,REPLY_TO,1.0,{}
reddit:comment:nh6ev49,reddit:author:Emergency-Drawer-535,AUTHORED_BY,1.0,{}
reddit:comment:nh6ev49,reddit:comment:nh6dzrl,REPLY_TO,1.0,{}
reddit:comment:nh6k9yc,reddit:author:rdyoung,AUTHORED_BY,1.0,{}
reddit:comment:nh6k9yc,reddit:comment:nh6ev49,REPLY_TO,1.0,{}
reddit:comment:nhbc7f4,reddit:author:Emergency-Drawer-535,AUTHORED_BY,1.0,{}
reddit:comment:nhbc7f4,reddit:comment:nh6k9yc,REPLY_TO,1.0,{}
reddit:comment:ngwtalz,reddit:author:SnakeJG,AUTHORED_BY,1.0,{}
reddit:comment:ngwtalz,reddit:post:1ntvmbb,REPLY_TO,1.0,{}
reddit:comment:ngwraau,reddit:author:andibangr,AUTHORED_BY,1.0,{}
reddit:comment:ngwraau,reddit:post:1ntvmbb,REPLY_TO,1.0,{}
reddit:comment:ngwqjax,reddit:author:Organic_Mix7180,AUTHORED_BY,1.0,{}
reddit:comment:ngwqjax,reddit:post:1ntvmbb,REPLY_TO,1.0,{}
reddit:comment:ngwr9qh,reddit:author:RespectSquare8279,AUTHORED_BY,1.0,{}
reddit:comment:ngwr9qh,reddit:post:1ntvmbb,REPLY_TO,1.0,{}
reddit:comment:ngx685f,reddit:author:dlewis23,AUTHORED_BY,1.0,{}
reddit:comment:ngx685f,reddit:post:1ntvmbb,REPLY_TO,1.0,{}
reddit:comment:ngwuvg5,reddit:author:appape,AUTHORED_BY,1.0,{}
reddit:comment:ngwuvg5,reddit:post:1ntvmbb,REPLY_TO,1.0,{}
reddit:comment:ngx6ysf,reddit:author:Virtual-Hotel8156,AUTHORED_BY,1.0,{}
reddit:comment:ngx6ysf,reddit:post:1ntvmbb,REPLY_TO,1.0,{}
reddit:comment:ngwtztk,reddit:author:GraniteGeekNH,AUTHORED_BY,1.0,{}
reddit:comment:ngwtztk,reddit:post:1ntvmbb,REPLY_TO,1.0,{}
reddit:comment:ngxoc0n,reddit:author:Dreaming_Blackbirds,AUTHORED_BY,1.0,{}
reddit:comment:ngxoc0n,reddit:post:1ntvmbb,REPLY_TO,1.0,{}
reddit:comment:ngwrrdh,reddit:author:gotohellwithsuperman,AUTHORED_BY,1.0,{}
reddit:comment:ngwrrdh,reddit:post:1ntvmbb,REPLY_TO,1.0,{}
reddit:comment:ngwo3zs,reddit:author:capabus,AUTHORED_BY,1.0,{}
reddit:comment:ngwo3zs,reddit:post:1ntvmbb,REPLY_TO,1.0,{}
reddit:comment:ngwukt3,reddit:author:terran1212,AUTHORED_BY,1.0,{}
reddit:comment:ngwukt3,reddit:post:1ntvmbb,REPLY_TO,1.0,{}
reddit:comment:ngx3ekd,reddit:author:huuaaang,AUTHORED_BY,1.0,{}
reddit:comment:ngx3ekd,reddit:post:1ntvmbb,REPLY_TO,1.0,{}
reddit:comment:ngx54pv,reddit:author:Suitable_Switch5242,AUTHORED_BY,1.0,{}
reddit:comment:ngx54pv,reddit:post:1ntvmbb,REPLY_TO,1.0,{}
reddit:comment:ngx72nj,reddit:author:iqisoverrated,AUTHORED_BY,1.0,{}
reddit:comment:ngx72nj,reddit:post:1ntvmbb,REPLY_TO,1.0,{}
reddit:comment:ngxa8y5,reddit:author:dinkygoat,AUTHORED_BY,1.0,{}
reddit:comment:ngxa8y5,reddit:post:1ntvmbb,REPLY_TO,1.0,{}
reddit:comment:ngxhgsm,reddit:author:dirty_cuban,AUTHORED_BY,1.0,{}
reddit:comment:ngxhgsm,reddit:post:1ntvmbb,REPLY_TO,1.0,{}
reddit:comment:ngxm4tf,reddit:author:xangkory,AUTHORED_BY,1.0,{}
reddit:comment:ngxm4tf,reddit:post:1ntvmbb,REPLY_TO,1.0,{}
reddit:comment:ngxn10p,reddit:author:Brandon3541,AUTHORED_BY,1.0,{}
reddit:comment:ngxn10p,reddit:post:1ntvmbb,REPLY_TO,1.0,{}
reddit:comment:ngxw51g,reddit:author:Polymox,AUTHORED_BY,1.0,{}
reddit:comment:ngxw51g,reddit:post:1ntvmbb,REPLY_TO,1.0,{}
reddit:comment:ngy06gz,reddit:author:DontEatConcrete,AUTHORED_BY,1.0,{}
reddit:comment:ngy06gz,reddit:post:1ntvmbb,REPLY_TO,1.0,{}
reddit:comment:nh042xu,reddit:author:shaggy99,AUTHORED_BY,1.0,{}
reddit:comment:nh042xu,reddit:post:1ntvmbb,REPLY_TO,1.0,{}
reddit:comment:nh5iydq,reddit:author:woyteck,AUTHORED_BY,1.0,{}
reddit:comment:nh5iydq,reddit:post:1ntvmbb,REPLY_TO,1.0,{}
reddit:comment:ngx0l59,reddit:author:Lopsided_Quarter_931,AUTHORED_BY,1.0,{}
reddit:comment:ngx0l59,reddit:post:1ntvmbb,REPLY_TO,1.0,{}
reddit:comment:ngxjcda,reddit:author:maartrack,AUTHORED_BY,1.0,{}
reddit:comment:ngxjcda,reddit:comment:ngwtalz,REPLY_TO,1.0,{}
reddit:comment:ngwwo0q,reddit:author:hippfive,AUTHORED_BY,1.0,{}
reddit:comment:ngwwo0q,reddit:comment:ngwraau,REPLY_TO,1.0,{}
reddit:comment:ngx5itv,reddit:author:tuctrohs,AUTHORED_BY,1.0,{}
reddit:comment:ngx5itv,reddit:comment:ngwraau,REPLY_TO,1.0,{}
reddit:comment:ngx2u1f,reddit:author:IanTrader,AUTHORED_BY,1.0,{}
reddit:comment:ngx2u1f,reddit:comment:ngwqjax,REPLY_TO,1.0,{}
reddit:comment:ngx770v,reddit:author:IanTrader,AUTHORED_BY,1.0,{}
reddit:comment:ngx770v,reddit:comment:ngx685f,REPLY_TO,1.0,{}
reddit:comment:ngx6nrw,reddit:author:tuctrohs,AUTHORED_BY,1.0,{}
reddit:comment:ngx6nrw,reddit:comment:ngwuvg5,REPLY_TO,1.0,{}
reddit:comment:ngx63p9,reddit:author:tuctrohs,AUTHORED_BY,1.0,{}
reddit:comment:ngx63p9,reddit:comment:ngwrrdh,REPLY_TO,1.0,{}
reddit:comment:ngwoa56,reddit:author:capabus,AUTHORED_BY,1.0,{}
reddit:comment:ngwoa56,reddit:comment:ngwo3zs,REPLY_TO,1.0,{}
reddit:comment:ngx162m,reddit:author:pimpbot666,AUTHORED_BY,1.0,{}
reddit:comment:ngx162m,reddit:comment:ngwukt3,REPLY_TO,1.0,{}
reddit:comment:ngx8e5m,reddit:author:IanTrader,AUTHORED_BY,1.0,{}
reddit:comment:ngx8e5m,reddit:comment:ngx72nj,REPLY_TO,1.0,{}
reddit:comment:ngxj9fh,reddit:author:maxyedor,AUTHORED_BY,1.0,{}
reddit:comment:ngxj9fh,reddit:comment:ngxhgsm,REPLY_TO,1.0,{}
reddit:comment:ngxxdny,reddit:author:IanTrader,AUTHORED_BY,1.0,{}
reddit:comment:ngxxdny,reddit:comment:ngxw51g,REPLY_TO,1.0,{}
reddit:comment:nh0i3w6,reddit:author:StartledPelican,AUTHORED_BY,1.0,{}
reddit:comment:nh0i3w6,reddit:comment:ngx0l59,REPLY_TO,1.0,{}
reddit:comment:ngx3iaz,reddit:author:IanTrader,AUTHORED_BY,1.0,{}
reddit:comment:ngx3iaz,reddit:comment:ngx0l59,REPLY_TO,1.0,{}
reddit:comment:ngx2hcy,reddit:author:IanTrader,AUTHORED_BY,1.0,{}
reddit:comment:ngx2hcy,reddit:comment:ngwwo0q,REPLY_TO,1.0,{}
reddit:comment:ngx3q7i,reddit:author:ace184184,AUTHORED_BY,1.0,{}
reddit:comment:ngx3q7i,reddit:comment:ngx2u1f,REPLY_TO,1.0,{}
reddit:comment:ngx5sbr,reddit:author:Suitable_Switch5242,AUTHORED_BY,1.0,{}
reddit:comment:ngx5sbr,reddit:comment:ngx2u1f,REPLY_TO,1.0,{}
reddit:comment:ngxnkio,reddit:author:Organic_Mix7180,AUTHORED_BY,1.0,{}
reddit:comment:ngxnkio,reddit:comment:ngx2u1f,REPLY_TO,1.0,{}
reddit:comment:ngxa5f5,reddit:author:dlewis23,AUTHORED_BY,1.0,{}
reddit:comment:ngxa5f5,reddit:comment:ngx770v,REPLY_TO,1.0,{}
reddit:comment:ngxjr4p,reddit:author:capabus,AUTHORED_BY,1.0,{}
reddit:comment:ngxjr4p,reddit:comment:ngx770v,REPLY_TO,1.0,{}
reddit:comment:ngxkb68,reddit:author:sarhoshamiral,AUTHORED_BY,1.0,{}
reddit:comment:ngxkb68,reddit:comment:ngx770v,REPLY_TO,1.0,{}
reddit:comment:nh3fvet,reddit:author:appape,AUTHORED_BY,1.0,{}
reddit:comment:nh3fvet,reddit:comment:ngx6nrw,REPLY_TO,1.0,{}
reddit:comment:ngx84vd,reddit:author:gotohellwithsuperman,AUTHORED_BY,1.0,{}
reddit:comment:ngx84vd,reddit:comment:ngx63p9,REPLY_TO,1.0,{}
reddit:comment:ngwplhg,reddit:author:IanTrader,AUTHORED_BY,1.0,{}
reddit:comment:ngwplhg,reddit:comment:ngwoa56,REPLY_TO,1.0,{}
reddit:comment:ngxmgxp,reddit:author:dirty_cuban,AUTHORED_BY,1.0,{}
reddit:comment:ngxmgxp,reddit:comment:ngxj9fh,REPLY_TO,1.0,{}
reddit:comment:nh0ku2e,reddit:author:Lopsided_Quarter_931,AUTHORED_BY,1.0,{}
reddit:comment:nh0ku2e,reddit:comment:nh0i3w6,REPLY_TO,1.0,{}
reddit:comment:ngx75iy,reddit:author:sprezzaturans,AUTHORED_BY,1.0,{}
reddit:comment:ngx75iy,reddit:comment:ngx3iaz,REPLY_TO,1.0,{}
reddit:comment:ngx3gt6,reddit:author:ace184184,AUTHORED_BY,1.0,{}
reddit:comment:ngx3gt6,reddit:comment:ngx2hcy,REPLY_TO,1.0,{}
reddit:comment:ngx5ncy,reddit:author:Suitable_Switch5242,AUTHORED_BY,1.0,{}
reddit:comment:ngx5ncy,reddit:comment:ngx2hcy,REPLY_TO,1.0,{}
reddit:comment:ngx83qz,reddit:author:FencyMcFenceFace,AUTHORED_BY,1.0,{}
reddit:comment:ngx83qz,reddit:comment:ngx2hcy,REPLY_TO,1.0,{}
reddit:comment:ngxqcrs,reddit:author:theotherharper,AUTHORED_BY,1.0,{}
reddit:comment:ngxqcrs,reddit:comment:ngx2hcy,REPLY_TO,1.0,{}
reddit:comment:ngx4k7g,reddit:author:IanTrader,AUTHORED_BY,1.0,{}
reddit:comment:ngx4k7g,reddit:comment:ngx3q7i,REPLY_TO,1.0,{}
reddit:comment:nh3nxlh,reddit:author:tuctrohs,AUTHORED_BY,1.0,{}
reddit:comment:nh3nxlh,reddit:comment:nh3fvet,REPLY_TO,1.0,{}
reddit:comment:ngxdhkq,reddit:author:tuctrohs,AUTHORED_BY,1.0,{}
reddit:comment:ngxdhkq,reddit:comment:ngx84vd,REPLY_TO,1.0,{}
reddit:comment:ngx0u29,reddit:author:pimpbot666,AUTHORED_BY,1.0,{}
reddit:comment:ngx0u29,reddit:comment:ngwplhg,REPLY_TO,1.0,{}
reddit:comment:nh0mbka,reddit:author:StartledPelican,AUTHORED_BY,1.0,{}
reddit:comment:nh0mbka,reddit:comment:nh0ku2e,REPLY_TO,1.0,{}
reddit:comment:ngx84yh,reddit:author:IanTrader,AUTHORED_BY,1.0,{}
reddit:comment:ngx84yh,reddit:comment:ngx75iy,REPLY_TO,1.0,{}
reddit:comment:ngx8mog,reddit:author:IanTrader,AUTHORED_BY,1.0,{}
reddit:comment:ngx8mog,reddit:comment:ngx83qz,REPLY_TO,1.0,{}
reddit:comment:ngxuugc,reddit:author:IanTrader,AUTHORED_BY,1.0,{}
reddit:comment:ngxuugc,reddit:comment:ngxqcrs,REPLY_TO,1.0,{}
reddit:comment:ngx7k33,reddit:author:ace184184,AUTHORED_BY,1.0,{}
reddit:comment:ngx7k33,reddit:comment:ngx4k7g,REPLY_TO,1.0,{}
reddit:comment:ngx22uq,reddit:author:IanTrader,AUTHORED_BY,1.0,{}
reddit:comment:ngx22uq,reddit:comment:ngx0u29,REPLY_TO,1.0,{}
reddit:comment:nh0v2bx,reddit:author:Lopsided_Quarter_931,AUTHORED_BY,1.0,{}
reddit:comment:nh0v2bx,reddit:comment:nh0mbka,REPLY_TO,1.0,{}
reddit:comment:ngx9851,reddit:author:FencyMcFenceFace,AUTHORED_BY,1.0,{}
reddit:comment:ngx9851,reddit:comment:ngx8mog,REPLY_TO,1.0,{}
reddit:comment:ngx9n8z,reddit:author:Suitable_Switch5242,AUTHORED_BY,1.0,{}
reddit:comment:ngx9n8z,reddit:comment:ngx8mog,REPLY_TO,1.0,{}
reddit:comment:nh6n7dd,reddit:author:Suitable_Switch5242,AUTHORED_BY,1.0,{}
reddit:comment:nh6n7dd,reddit:comment:ngxuugc,REPLY_TO,1.0,{}
reddit:comment:ngx53hx,reddit:author:pimpbot666,AUTHORED_BY,1.0,{}
reddit:comment:ngx53hx,reddit:comment:ngx22uq,REPLY_TO,1.0,{}
reddit:comment:ngx7t9w,reddit:author:IanTrader,AUTHORED_BY,1.0,{}
reddit:comment:ngx7t9w,reddit:comment:ngx53hx,REPLY_TO,1.0,{}
reddit:comment:ngyk446,reddit:author:pimpbot666,AUTHORED_BY,1.0,{}
reddit:comment:ngyk446,reddit:comment:ngx7t9w,REPLY_TO,1.0,{}
reddit:comment:ngylwin,reddit:author:IanTrader,AUTHORED_BY,1.0,{}
reddit:comment:ngylwin,reddit:comment:ngyk446,REPLY_TO,1.0,{}
reddit:comment:ngvklne,reddit:author:Acshulyak,AUTHORED_BY,1.0,{}
reddit:comment:ngvklne,reddit:post:1ntqcyi,REPLY_TO,1.0,{}
reddit:comment:ngvl8mf,reddit:author:sctbke,AUTHORED_BY,1.0,{}
reddit:comment:ngvl8mf,reddit:post:1ntqcyi,REPLY_TO,1.0,{}
reddit:comment:ngvljhb,reddit:author:tech57,AUTHORED_BY,1.0,{}
reddit:comment:ngvljhb,reddit:post:1ntqcyi,REPLY_TO,1.0,{}
reddit:comment:ngvl6kg,reddit:author:Deep-Surprise4854,AUTHORED_BY,1.0,{}
reddit:comment:ngvl6kg,reddit:post:1ntqcyi,REPLY_TO,1.0,{}
reddit:comment:ngvkf39,reddit:author:TowElectric,AUTHORED_BY,1.0,{}
reddit:comment:ngvkf39,reddit:post:1ntqcyi,REPLY_TO,1.0,{}
reddit:comment:ngw3qor,reddit:author:adrop62,AUTHORED_BY,1.0,{}
reddit:comment:ngw3qor,reddit:post:1ntqcyi,REPLY_TO,1.0,{}
reddit:comment:ngvn251,reddit:author:DahlbergT,AUTHORED_BY,1.0,{}
reddit:comment:ngvn251,reddit:post:1ntqcyi,REPLY_TO,1.0,{}
reddit:comment:ngvjfsf,reddit:author:RaveDamsel,AUTHORED_BY,1.0,{}
reddit:comment:ngvjfsf,reddit:post:1ntqcyi,REPLY_TO,1.0,{}
reddit:comment:ngvkoce,reddit:author:Alexandratta,AUTHORED_BY,1.0,{}
reddit:comment:ngvkoce,reddit:post:1ntqcyi,REPLY_TO,1.0,{}
reddit:comment:ngvn2vo,reddit:author:AZ_Genestealer,AUTHORED_BY,1.0,{}
reddit:comment:ngvn2vo,reddit:post:1ntqcyi,REPLY_TO,1.0,{}
reddit:comment:ngvy6gb,reddit:author:klasredux,AUTHORED_BY,1.0,{}
reddit:comment:ngvy6gb,reddit:post:1ntqcyi,REPLY_TO,1.0,{}
reddit:comment:ngygj8u,reddit:author:DamnUOnions,AUTHORED_BY,1.0,{}
reddit:comment:ngygj8u,reddit:post:1ntqcyi,REPLY_TO,1.0,{}
reddit:comment:ngvk010,reddit:author:udrius,AUTHORED_BY,1.0,{}
reddit:comment:ngvk010,reddit:post:1ntqcyi,REPLY_TO,1.0,{}
reddit:comment:ngvmf8l,reddit:author:SharkBaitDLS,AUTHORED_BY,1.0,{}
reddit:comment:ngvmf8l,reddit:post:1ntqcyi,REPLY_TO,1.0,{}
reddit:comment:ngvpkv5,reddit:author:timelessblur,AUTHORED_BY,1.0,{}
reddit:comment:ngvpkv5,reddit:post:1ntqcyi,REPLY_TO,1.0,{}
reddit:comment:ngvsev3,reddit:author:PedalingHertz,AUTHORED_BY,1.0,{}
reddit:comment:ngvsev3,reddit:post:1ntqcyi,REPLY_TO,1.0,{}
reddit:comment:ngw4ik9,reddit:author:Scorpy_Mjolnir,AUTHORED_BY,1.0,{}
reddit:comment:ngw4ik9,reddit:post:1ntqcyi,REPLY_TO,1.0,{}
reddit:comment:ngx2m37,reddit:author:Peds12,AUTHORED_BY,1.0,{}
reddit:comment:ngx2m37,reddit:post:1ntqcyi,REPLY_TO,1.0,{}
reddit:comment:nh0vq4y,reddit:author:p0rkmaster,AUTHORED_BY,1.0,{}
reddit:comment:nh0vq4y,reddit:post:1ntqcyi,REPLY_TO,1.0,{}
reddit:comment:nh4dgm8,reddit:author:Ornery_Climate1056,AUTHORED_BY,1.0,{}
reddit:comment:nh4dgm8,reddit:post:1ntqcyi,REPLY_TO,1.0,{}
reddit:comment:ngvnr39,reddit:author:NationCrisis,AUTHORED_BY,1.0,{}
reddit:comment:ngvnr39,reddit:post:1ntqcyi,REPLY_TO,1.0,{}
reddit:comment:ngvppg5,reddit:author:Riversntallbuildings,AUTHORED_BY,1.0,{}
reddit:comment:ngvppg5,reddit:post:1ntqcyi,REPLY_TO,1.0,{}
reddit:comment:ngvsyiu,reddit:author:t0mt0mt0m,AUTHORED_BY,1.0,{}
reddit:comment:ngvsyiu,reddit:post:1ntqcyi,REPLY_TO,1.0,{}
reddit:comment:ngvv0op,reddit:author:Jackpot777,AUTHORED_BY,1.0,{}
reddit:comment:ngvv0op,reddit:post:1ntqcyi,REPLY_TO,1.0,{}
reddit:comment:ngvyecd,reddit:author:TrollCannon377,AUTHORED_BY,1.0,{}
reddit:comment:ngvyecd,reddit:post:1ntqcyi,REPLY_TO,1.0,{}
reddit:comment:ngw1y4g,reddit:author:CMG30,AUTHORED_BY,1.0,{}
reddit:comment:ngw1y4g,reddit:post:1ntqcyi,REPLY_TO,1.0,{}
reddit:comment:ngw1zki,reddit:author:jkh911208,AUTHORED_BY,1.0,{}
reddit:comment:ngw1zki,reddit:post:1ntqcyi,REPLY_TO,1.0,{}
reddit:comment:ngw2uod,reddit:author:Ok_Push2550,AUTHORED_BY,1.0,{}
reddit:comment:ngw2uod,reddit:post:1ntqcyi,REPLY_TO,1.0,{}
reddit:comment:ngw6w6y,reddit:author:shivaswrath,AUTHORED_BY,1.0,{}
reddit:comment:ngw6w6y,reddit:post:1ntqcyi,REPLY_TO,1.0,{}
reddit:comment:ngwkctd,reddit:author:Ranchreddit,AUTHORED_BY,1.0,{}
reddit:comment:ngwkctd,reddit:post:1ntqcyi,REPLY_TO,1.0,{}
reddit:comment:ngwn3em,reddit:author:rosier9,AUTHORED_BY,1.0,{}
reddit:comment:ngwn3em,reddit:post:1ntqcyi,REPLY_TO,1.0,{}
reddit:comment:ngwr2mr,reddit:author:silverelan,AUTHORED_BY,1.0,{}
reddit:comment:ngwr2mr,reddit:post:1ntqcyi,REPLY_TO,1.0,{}
reddit:comment:ngwutq0,reddit:author:Queasy-Bed545,AUTHORED_BY,1.0,{}
reddit:comment:ngwutq0,reddit:post:1ntqcyi,REPLY_TO,1.0,{}
reddit:comment:ngwux79,reddit:author:kimguroo,AUTHORED_BY,1.0,{}
reddit:comment:ngwux79,reddit:post:1ntqcyi,REPLY_TO,1.0,{}
reddit:comment:ngy40xc,reddit:author:msmug,AUTHORED_BY,1.0,{}
reddit:comment:ngy40xc,reddit:post:1ntqcyi,REPLY_TO,1.0,{}
reddit:comment:ngykm5o,reddit:author:bobjr94,AUTHORED_BY,1.0,{}
reddit:comment:ngykm5o,reddit:post:1ntqcyi,REPLY_TO,1.0,{}
reddit:comment:nhb4hib,reddit:author:notanelonfan2024,AUTHORED_BY,1.0,{}
reddit:comment:nhb4hib,reddit:post:1ntqcyi,REPLY_TO,1.0,{}
reddit:comment:ngvkz1q,reddit:author:Some_Vermicelli80,AUTHORED_BY,1.0,{}
reddit:comment:ngvkz1q,reddit:post:1ntqcyi,REPLY_TO,1.0,{}
reddit:comment:ngvo9wm,reddit:author:Owlcatraz,AUTHORED_BY,1.0,{}
reddit:comment:ngvo9wm,reddit:post:1ntqcyi,REPLY_TO,1.0,{}
reddit:comment:ngw3nox,reddit:author:LWBoogie,AUTHORED_BY,1.0,{}
reddit:comment:ngw3nox,reddit:post:1ntqcyi,REPLY_TO,1.0,{}
reddit:comment:ngvrss0,reddit:author:kyledag500,AUTHORED_BY,1.0,{}
reddit:comment:ngvrss0,reddit:comment:ngvklne,REPLY_TO,1.0,{}
reddit:comment:ngvmjtf,reddit:author:OriginalCrawnick,AUTHORED_BY,1.0,{}
reddit:comment:ngvmjtf,reddit:comment:ngvklne,REPLY_TO,1.0,{}
reddit:comment:ngw4q8a,reddit:author:Why-am-I-here-anyway,AUTHORED_BY,1.0,{}
reddit:comment:ngw4q8a,reddit:comment:ngvklne,REPLY_TO,1.0,{}
reddit:comment:ngvw23e,reddit:author:blr1g,AUTHORED_BY,1.0,{}
reddit:comment:ngvw23e,reddit:comment:ngvl8mf,REPLY_TO,1.0,{}
reddit:comment:ngvpafz,reddit:author:justanotherelvis15,AUTHORED_BY,1.0,{}
reddit:comment:ngvpafz,reddit:comment:ngvl8mf,REPLY_TO,1.0,{}
reddit:comment:ngwha1s,reddit:author:Suitable_Switch5242,AUTHORED_BY,1.0,{}
reddit:comment:ngwha1s,reddit:comment:ngvl8mf,REPLY_TO,1.0,{}
reddit:comment:ngvw3av,reddit:author:blr1g,AUTHORED_BY,1.0,{}
reddit:comment:ngvw3av,reddit:comment:ngvl8mf,REPLY_TO,1.0,{}
reddit:comment:ngvo0l6,reddit:author:SharkBaitDLS,AUTHORED_BY,1.0,{}
reddit:comment:ngvo0l6,reddit:comment:ngvl8mf,REPLY_TO,1.0,{}
reddit:comment:ngvw59p,reddit:author:blr1g,AUTHORED_BY,1.0,{}
reddit:comment:ngvw59p,reddit:comment:ngvl8mf,REPLY_TO,1.0,{}
reddit:comment:ngwkzt3,reddit:author:muegle,AUTHORED_BY,1.0,{}
reddit:comment:ngwkzt3,reddit:comment:ngvl8mf,REPLY_TO,1.0,{}
reddit:comment:ngyl2il,reddit:author:bobjr94,AUTHORED_BY,1.0,{}
reddit:comment:ngyl2il,reddit:comment:ngvl8mf,REPLY_TO,1.0,{}
reddit:comment:ngvx3ss,reddit:author:Space2999,AUTHORED_BY,1.0,{}
reddit:comment:ngvx3ss,reddit:comment:ngvl8mf,REPLY_TO,1.0,{}
reddit:comment:ngvorvy,reddit:author:justanotherelvis15,AUTHORED_BY,1.0,{}
reddit:comment:ngvorvy,reddit:comment:ngvl6kg,REPLY_TO,1.0,{}
reddit:comment:ngvwen8,reddit:author:FriendlyPoem3074,AUTHORED_BY,1.0,{}
reddit:comment:ngvwen8,reddit:comment:ngvkf39,REPLY_TO,1.0,{}
reddit:comment:ngvoasd,reddit:author:ComeBackSquid,AUTHORED_BY,1.0,{}
reddit:comment:ngvoasd,reddit:comment:ngvkf39,REPLY_TO,1.0,{}
reddit:comment:nh1wrfj,reddit:author:the1truestripes,AUTHORED_BY,1.0,{}
reddit:comment:nh1wrfj,reddit:comment:ngvkf39,REPLY_TO,1.0,{}
reddit:comment:ngwf9cj,reddit:author:djjayp,AUTHORED_BY,1.0,{}
reddit:comment:ngwf9cj,reddit:comment:ngw3qor,REPLY_TO,1.0,{}
reddit:comment:ngy9qg0,reddit:author:TheRealRacketear,AUTHORED_BY,1.0,{}
reddit:comment:ngy9qg0,reddit:comment:ngw3qor,REPLY_TO,1.0,{}
reddit:comment:ngvo7ua,reddit:author:User-no-relation,AUTHORED_BY,1.0,{}
reddit:comment:ngvo7ua,reddit:comment:ngvjfsf,REPLY_TO,1.0,{}
reddit:comment:ngvl2bo,reddit:author:THedman07,AUTHORED_BY,1.0,{}
reddit:comment:ngvl2bo,reddit:comment:ngvjfsf,REPLY_TO,1.0,{}
reddit:comment:ngvn7il,reddit:author:PatSajaksDick,AUTHORED_BY,1.0,{}
reddit:comment:ngvn7il,reddit:comment:ngvjfsf,REPLY_TO,1.0,{}
reddit:comment:ngvkgoq,reddit:author:scorzon,AUTHORED_BY,1.0,{}
reddit:comment:ngvkgoq,reddit:comment:ngvjfsf,REPLY_TO,1.0,{}
reddit:comment:ngvlg4n,reddit:author:LostPrimer,AUTHORED_BY,1.0,{}
reddit:comment:ngvlg4n,reddit:comment:ngvjfsf,REPLY_TO,1.0,{}
reddit:comment:ngvmh5m,reddit:author:SharkBaitDLS,AUTHORED_BY,1.0,{}
reddit:comment:ngvmh5m,reddit:comment:ngvjfsf,REPLY_TO,1.0,{}
reddit:comment:ngvoe63,reddit:author:elcheapodeluxe,AUTHORED_BY,1.0,{}
reddit:comment:ngvoe63,reddit:comment:ngvjfsf,REPLY_TO,1.0,{}
reddit:comment:ngvmfgq,reddit:author:CapitanianExtinction,AUTHORED_BY,1.0,{}
reddit:comment:ngvmfgq,reddit:comment:ngvjfsf,REPLY_TO,1.0,{}
reddit:comment:ngvouie,reddit:author:NationCrisis,AUTHORED_BY,1.0,{}
reddit:comment:ngvouie,reddit:comment:ngvnr39,REPLY_TO,1.0,{}
reddit:comment:ngvxaxm,reddit:author:WeldAE,AUTHORED_BY,1.0,{}
reddit:comment:ngvxaxm,reddit:comment:ngvppg5,REPLY_TO,1.0,{}
reddit:comment:ngvlosb,reddit:author:justanotherelvis15,AUTHORED_BY,1.0,{}
reddit:comment:ngvlosb,reddit:comment:ngvjhmy,REPLY_TO,1.0,{}
reddit:comment:ngwo2vn,reddit:author:rosier9,AUTHORED_BY,1.0,{}
reddit:comment:ngwo2vn,reddit:comment:ngw1y4g,REPLY_TO,1.0,{}
reddit:comment:ngws1ou,reddit:author:GoSh4rks,AUTHORED_BY,1.0,{}
reddit:comment:ngws1ou,reddit:comment:ngvo9wm,REPLY_TO,1.0,{}
reddit:comment:ngvvbec,reddit:author:WeldAE,AUTHORED_BY,1.0,{}
reddit:comment:ngvvbec,reddit:comment:ngvrss0,REPLY_TO,1.0,{}
reddit:comment:ngxsvnh,reddit:author:theotherharper,AUTHORED_BY,1.0,{}
reddit:comment:ngxsvnh,reddit:comment:ngvrss0,REPLY_TO,1.0,{}
reddit:comment:ngw2i10,reddit:author:psaux_grep,AUTHORED_BY,1.0,{}
reddit:comment:ngw2i10,reddit:comment:ngvrss0,REPLY_TO,1.0,{}
reddit:comment:ngwlz9k,reddit:author:dcdttu,AUTHORED_BY,1.0,{}
reddit:comment:ngwlz9k,reddit:comment:ngvrss0,REPLY_TO,1.0,{}
reddit:comment:ngwdv4n,reddit:author:bobsil1,AUTHORED_BY,1.0,{}
reddit:comment:ngwdv4n,reddit:comment:ngvw23e,REPLY_TO,1.0,{}
reddit:comment:ngvsloh,reddit:author:thePolicy0fTruth,AUTHORED_BY,1.0,{}
reddit:comment:ngvsloh,reddit:comment:ngvpafz,REPLY_TO,1.0,{}
reddit:comment:ngvy8z7,reddit:author:TurtleCrusher,AUTHORED_BY,1.0,{}
reddit:comment:ngvy8z7,reddit:comment:ngvw3av,REPLY_TO,1.0,{}
reddit:comment:ngymqku,reddit:author:Logitech4873,AUTHORED_BY,1.0,{}
reddit:comment:ngymqku,reddit:comment:ngvo0l6,REPLY_TO,1.0,{}
reddit:comment:ngvvkh1,reddit:author:WeldAE,AUTHORED_BY,1.0,{}
reddit:comment:ngvvkh1,reddit:comment:ngvo0l6,REPLY_TO,1.0,{}
reddit:comment:ngvz3t5,reddit:author:sctbke,AUTHORED_BY,1.0,{}
reddit:comment:ngvz3t5,reddit:comment:ngvw59p,REPLY_TO,1.0,{}
reddit:comment:ngwae3o,reddit:author:madkevin,AUTHORED_BY,1.0,{}
reddit:comment:ngwae3o,reddit:comment:ngvw59p,REPLY_TO,1.0,{}
reddit:comment:ngvykn3,reddit:author:sctbke,AUTHORED_BY,1.0,{}
reddit:comment:ngvykn3,reddit:comment:ngvx3ss,REPLY_TO,1.0,{}
reddit:comment:ngvq8eh,reddit:author:Ancient_Persimmon,AUTHORED_BY,1.0,{}
reddit:comment:ngvq8eh,reddit:comment:ngvorvy,REPLY_TO,1.0,{}
reddit:comment:ngw4dv9,reddit:author:No_Context7340,AUTHORED_BY,1.0,{}
reddit:comment:ngw4dv9,reddit:comment:ngvwen8,REPLY_TO,1.0,{}
reddit:comment:ngvu9w5,reddit:author:andibangr,AUTHORED_BY,1.0,{}
reddit:comment:ngvu9w5,reddit:comment:ngvoasd,REPLY_TO,1.0,{}
reddit:comment:ngvu1r8,reddit:author:praemialaudi,AUTHORED_BY,1.0,{}
reddit:comment:ngvu1r8,reddit:comment:ngvoasd,REPLY_TO,1.0,{}
reddit:comment:ngvurfd,reddit:author:FriendlyPoem3074,AUTHORED_BY,1.0,{}
reddit:comment:ngvurfd,reddit:comment:ngvoasd,REPLY_TO,1.0,{}
reddit:comment:ngvw441,reddit:author:WeldAE,AUTHORED_BY,1.0,{}
reddit:comment:ngvw441,reddit:comment:ngvoasd,REPLY_TO,1.0,{}
reddit:comment:ngvuidq,reddit:author:TowElectric,AUTHORED_BY,1.0,{}
reddit:comment:ngvuidq,reddit:comment:ngvoasd,REPLY_TO,1.0,{}
reddit:comment:ngwhxfy,reddit:author:Suitable_Switch5242,AUTHORED_BY,1.0,{}
reddit:comment:ngwhxfy,reddit:comment:ngvoasd,REPLY_TO,1.0,{}
reddit:comment:ngyn3lk,reddit:author:Logitech4873,AUTHORED_BY,1.0,{}
reddit:comment:ngyn3lk,reddit:comment:ngvoasd,REPLY_TO,1.0,{}
reddit:comment:ngvklkk,reddit:author:RaveDamsel,AUTHORED_BY,1.0,{}
reddit:comment:ngvklkk,reddit:comment:ngvjlsr,REPLY_TO,1.0,{}
reddit:comment:nh07c6x,reddit:author:Super_Fightin_Robit,AUTHORED_BY,1.0,{}
reddit:comment:nh07c6x,reddit:comment:ngvo7ua,REPLY_TO,1.0,{}
reddit:comment:ngvueqh,reddit:author:akumajfr,AUTHORED_BY,1.0,{}
reddit:comment:ngvueqh,reddit:comment:ngvn7il,REPLY_TO,1.0,{}
reddit:comment:ngw5tdy,reddit:author:Riversntallbuildings,AUTHORED_BY,1.0,{}
reddit:comment:ngw5tdy,reddit:comment:ngvxaxm,REPLY_TO,1.0,{}
reddit:comment:ngvop1y,reddit:author:gerkletoss,AUTHORED_BY,1.0,{}
reddit:comment:ngvop1y,reddit:comment:ngvlosb,REPLY_TO,1.0,{}
reddit:comment:ngw7536,reddit:author:Patient-Ad-7939,AUTHORED_BY,1.0,{}
reddit:comment:ngw7536,reddit:comment:ngvvbec,REPLY_TO,1.0,{}
reddit:comment:ngw0mid,reddit:author:cpatkyanks24,AUTHORED_BY,1.0,{}
reddit:comment:ngw0mid,reddit:comment:ngvvbec,REPLY_TO,1.0,{}
reddit:comment:ngzpcnr,reddit:author:Leasir,AUTHORED_BY,1.0,{}
reddit:comment:ngzpcnr,reddit:comment:ngvvbec,REPLY_TO,1.0,{}
reddit:comment:ngzrp8l,reddit:author:Oh_You_Were_Serious,AUTHORED_BY,1.0,{}
reddit:comment:ngzrp8l,reddit:comment:ngwdv4n,REPLY_TO,1.0,{}
reddit:comment:ngwr3um,reddit:author:ThrowRAColdManWinter,AUTHORED_BY,1.0,{}
reddit:comment:ngwr3um,reddit:comment:ngwdv4n,REPLY_TO,1.0,{}
reddit:comment:ngvvvwa,reddit:author:WeldAE,AUTHORED_BY,1.0,{}
reddit:comment:ngvvvwa,reddit:comment:ngvsloh,REPLY_TO,1.0,{}
reddit:comment:ngzv5tn,reddit:author:the1truestripes,AUTHORED_BY,1.0,{}
reddit:comment:ngzv5tn,reddit:comment:ngvsloh,REPLY_TO,1.0,{}
reddit:comment:ngw3g5r,reddit:author:blr1g,AUTHORED_BY,1.0,{}
reddit:comment:ngw3g5r,reddit:comment:ngvy8z7,REPLY_TO,1.0,{}
reddit:comment:ngyn3er,reddit:author:SharkBaitDLS,AUTHORED_BY,1.0,{}
reddit:comment:ngyn3er,reddit:comment:ngymqku,REPLY_TO,1.0,{}
reddit:comment:ngw0kqf,reddit:author:SharkBaitDLS,AUTHORED_BY,1.0,{}
reddit:comment:ngw0kqf,reddit:comment:ngvvkh1,REPLY_TO,1.0,{}
reddit:comment:ngvxwcz,reddit:author:TurtleCrusher,AUTHORED_BY,1.0,{}
reddit:comment:ngvxwcz,reddit:comment:ngvvkh1,REPLY_TO,1.0,{}
reddit:comment:ngw89ce,reddit:author:FriendlyPoem3074,AUTHORED_BY,1.0,{}
reddit:comment:ngw89ce,reddit:comment:ngw4dv9,REPLY_TO,1.0,{}
reddit:comment:ngvohlz,reddit:author:Low-Albatross-313,AUTHORED_BY,1.0,{}
reddit:comment:ngvohlz,reddit:comment:ngvklkk,REPLY_TO,1.0,{}
reddit:comment:ngvqtvy,reddit:author:do-un-to,AUTHORED_BY,1.0,{}
reddit:comment:ngvqtvy,reddit:comment:ngvlmcn,REPLY_TO,1.0,{}
reddit:comment:ngvuw9r,reddit:author:PatSajaksDick,AUTHORED_BY,1.0,{}
reddit:comment:ngvuw9r,reddit:comment:ngvueqh,REPLY_TO,1.0,{}
reddit:comment:ngwkn7f,reddit:author:thegiantgummybear,AUTHORED_BY,1.0,{}
reddit:comment:ngwkn7f,reddit:comment:ngw7536,REPLY_TO,1.0,{}
reddit:comment:nh2dvhl,reddit:author:Time-Maintenance2165,AUTHORED_BY,1.0,{}
reddit:comment:nh2dvhl,reddit:comment:ngw7536,REPLY_TO,1.0,{}
reddit:comment:nh2wktp,reddit:author:WeldAE,AUTHORED_BY,1.0,{}
reddit:comment:nh2wktp,reddit:comment:ngw7536,REPLY_TO,1.0,{}
reddit:comment:ngw3h9b,reddit:author:stupidly_intelligent,AUTHORED_BY,1.0,{}
reddit:comment:ngw3h9b,reddit:comment:ngw0mid,REPLY_TO,1.0,{}
reddit:comment:ngw4k32,reddit:author:WeldAE,AUTHORED_BY,1.0,{}
reddit:comment:ngw4k32,reddit:comment:ngw0mid,REPLY_TO,1.0,{}
reddit:comment:ngxi6z1,reddit:author:2Drew2BTrue,AUTHORED_BY,1.0,{}
reddit:comment:ngxi6z1,reddit:comment:ngw0mid,REPLY_TO,1.0,{}
reddit:comment:ngzsfvy,reddit:author:nycplayboy78,AUTHORED_BY,1.0,{}
reddit:comment:ngzsfvy,reddit:comment:ngw0mid,REPLY_TO,1.0,{}
reddit:comment:nh1dt3a,reddit:author:Tolken,AUTHORED_BY,1.0,{}
reddit:comment:nh1dt3a,reddit:comment:ngw0mid,REPLY_TO,1.0,{}
reddit:comment:nh0rd8z,reddit:author:WeldAE,AUTHORED_BY,1.0,{}
reddit:comment:nh0rd8z,reddit:comment:ngzpcnr,REPLY_TO,1.0,{}
reddit:comment:ngxtlrn,reddit:author:theotherharper,AUTHORED_BY,1.0,{}
reddit:comment:ngxtlrn,reddit:comment:ngwr3um,REPLY_TO,1.0,{}
reddit:comment:ngvxoad,reddit:author:Aurori_Swe,AUTHORED_BY,1.0,{}
reddit:comment:ngvxoad,reddit:comment:ngvvvwa,REPLY_TO,1.0,{}
reddit:comment:ngvy6k4,reddit:author:sctbke,AUTHORED_BY,1.0,{}
reddit:comment:ngvy6k4,reddit:comment:ngvvvwa,REPLY_TO,1.0,{}
reddit:comment:ngvw4jb,reddit:author:thePolicy0fTruth,AUTHORED_BY,1.0,{}
reddit:comment:ngvw4jb,reddit:comment:ngvvvwa,REPLY_TO,1.0,{}
reddit:comment:ngwafmt,reddit:author:Scorpy_Mjolnir,AUTHORED_BY,1.0,{}
reddit:comment:ngwafmt,reddit:comment:ngvvvwa,REPLY_TO,1.0,{}
reddit:comment:ngzx13i,reddit:author:thePolicy0fTruth,AUTHORED_BY,1.0,{}
reddit:comment:ngzx13i,reddit:comment:ngzv5tn,REPLY_TO,1.0,{}
reddit:comment:ngyocd0,reddit:author:Logitech4873,AUTHORED_BY,1.0,{}
reddit:comment:ngyocd0,reddit:comment:ngyn3er,REPLY_TO,1.0,{}
reddit:comment:ngw4pw7,reddit:author:WeldAE,AUTHORED_BY,1.0,{}
reddit:comment:ngw4pw7,reddit:comment:ngw0kqf,REPLY_TO,1.0,{}
reddit:comment:ngw0vrg,reddit:author:SharkBaitDLS,AUTHORED_BY,1.0,{}
reddit:comment:ngw0vrg,reddit:comment:ngvxwcz,REPLY_TO,1.0,{}
reddit:comment:ngvytfb,reddit:author:WeldAE,AUTHORED_BY,1.0,{}
reddit:comment:ngvytfb,reddit:comment:ngvxwcz,REPLY_TO,1.0,{}
reddit:comment:ngvtgzl,reddit:author:humblequest22,AUTHORED_BY,1.0,{}
reddit:comment:ngvtgzl,reddit:comment:ngvqtvy,REPLY_TO,1.0,{}
reddit:comment:ngw0x0w,reddit:author:akumajfr,AUTHORED_BY,1.0,{}
reddit:comment:ngw0x0w,reddit:comment:ngvuw9r,REPLY_TO,1.0,{}
reddit:comment:nh2oupp,reddit:author:Patient-Ad-7939,AUTHORED_BY,1.0,{}
reddit:comment:nh2oupp,reddit:comment:nh2dvhl,REPLY_TO,1.0,{}
reddit:comment:ngw6uoz,reddit:author:SharkBaitDLS,AUTHORED_BY,1.0,{}
reddit:comment:ngw6uoz,reddit:comment:ngw4k32,REPLY_TO,1.0,{}
reddit:comment:ngx06e5,reddit:author:doluckie,AUTHORED_BY,1.0,{}
reddit:comment:ngx06e5,reddit:comment:ngw4k32,REPLY_TO,1.0,{}
reddit:comment:ngxno6u,reddit:author:GenesisNemesis17,AUTHORED_BY,1.0,{}
reddit:comment:ngxno6u,reddit:comment:ngw4k32,REPLY_TO,1.0,{}
reddit:comment:ngxxpib,reddit:author:cpatkyanks24,AUTHORED_BY,1.0,{}
reddit:comment:ngxxpib,reddit:comment:ngxi6z1,REPLY_TO,1.0,{}
reddit:comment:ngymtby,reddit:author:goranlepuz,AUTHORED_BY,1.0,{}
reddit:comment:ngymtby,reddit:comment:ngxi6z1,REPLY_TO,1.0,{}
reddit:comment:nh0t2mx,reddit:author:Leasir,AUTHORED_BY,1.0,{}
reddit:comment:nh0t2mx,reddit:comment:nh0rd8z,REPLY_TO,1.0,{}
reddit:comment:ngvzaii,reddit:author:WeldAE,AUTHORED_BY,1.0,{}
reddit:comment:ngvzaii,reddit:comment:ngvxoad,REPLY_TO,1.0,{}
reddit:comment:nh1k49t,reddit:author:WeldAE,AUTHORED_BY,1.0,{}
reddit:comment:nh1k49t,reddit:comment:ngwafmt,REPLY_TO,1.0,{}
reddit:comment:nh0e7dq,reddit:author:the1truestripes,AUTHORED_BY,1.0,{}
reddit:comment:nh0e7dq,reddit:comment:ngzx13i,REPLY_TO,1.0,{}
reddit:comment:ngyowta,reddit:author:SharkBaitDLS,AUTHORED_BY,1.0,{}
reddit:comment:ngyowta,reddit:comment:ngyocd0,REPLY_TO,1.0,{}
reddit:comment:ngw5iwc,reddit:author:SharkBaitDLS,AUTHORED_BY,1.0,{}
reddit:comment:ngw5iwc,reddit:comment:ngw4pw7,REPLY_TO,1.0,{}
reddit:comment:ngwcisn,reddit:author:FrostyMasterpiece400,AUTHORED_BY,1.0,{}
reddit:comment:ngwcisn,reddit:comment:ngw0vrg,REPLY_TO,1.0,{}
reddit:comment:ngw3vx2,reddit:author:SharkBaitDLS,AUTHORED_BY,1.0,{}
reddit:comment:ngw3vx2,reddit:comment:ngvytfb,REPLY_TO,1.0,{}
reddit:comment:ngw9yv0,reddit:author:Scorpy_Mjolnir,AUTHORED_BY,1.0,{}
reddit:comment:ngw9yv0,reddit:comment:ngvytfb,REPLY_TO,1.0,{}
reddit:comment:nh2qw2h,reddit:author:Time-Maintenance2165,AUTHORED_BY,1.0,{}
reddit:comment:nh2qw2h,reddit:comment:nh2oupp,REPLY_TO,1.0,{}
reddit:comment:ngxncux,reddit:author:GenesisNemesis17,AUTHORED_BY,1.0,{}
reddit:comment:ngxncux,reddit:comment:ngw6uoz,REPLY_TO,1.0,{}
reddit:comment:nh0pcy3,reddit:author:WeldAE,AUTHORED_BY,1.0,{}
reddit:comment:nh0pcy3,reddit:comment:ngw6uoz,REPLY_TO,1.0,{}
reddit:comment:nh0r5e4,reddit:author:WeldAE,AUTHORED_BY,1.0,{}
reddit:comment:nh0r5e4,reddit:comment:ngxno6u,REPLY_TO,1.0,{}
reddit:comment:ngzerpl,reddit:author:2Drew2BTrue,AUTHORED_BY,1.0,{}
reddit:comment:ngzerpl,reddit:comment:ngymtby,REPLY_TO,1.0,{}
reddit:comment:ngzq76o,reddit:author:Leasir,AUTHORED_BY,1.0,{}
reddit:comment:ngzq76o,reddit:comment:ngymtby,REPLY_TO,1.0,{}
reddit:comment:ngw1u7n,reddit:author:Aurori_Swe,AUTHORED_BY,1.0,{}
reddit:comment:ngw1u7n,reddit:comment:ngvzaii,REPLY_TO,1.0,{}
reddit:comment:nh1ln61,reddit:author:Scorpy_Mjolnir,AUTHORED_BY,1.0,{}
reddit:comment:nh1ln61,reddit:comment:nh1k49t,REPLY_TO,1.0,{}
reddit:comment:ngyplos,reddit:author:Logitech4873,AUTHORED_BY,1.0,{}
reddit:comment:ngyplos,reddit:comment:ngyowta,REPLY_TO,1.0,{}
reddit:comment:nh19vu9,reddit:author:the1truestripes,AUTHORED_BY,1.0,{}
reddit:comment:nh19vu9,reddit:comment:ngw5iwc,REPLY_TO,1.0,{}
reddit:comment:ngw7y20,reddit:author:WeldAE,AUTHORED_BY,1.0,{}
reddit:comment:ngw7y20,reddit:comment:ngw5iwc,REPLY_TO,1.0,{}
reddit:comment:ngwd5ub,reddit:author:SharkBaitDLS,AUTHORED_BY,1.0,{}
reddit:comment:ngwd5ub,reddit:comment:ngwcisn,REPLY_TO,1.0,{}
reddit:comment:ngw5kep,reddit:author:WeldAE,AUTHORED_BY,1.0,{}
reddit:comment:ngw5kep,reddit:comment:ngw3vx2,REPLY_TO,1.0,{}
reddit:comment:ngylq5u,reddit:author:goranlepuz,AUTHORED_BY,1.0,{}
reddit:comment:ngylq5u,reddit:comment:ngxncux,REPLY_TO,1.0,{}
reddit:comment:ngyha3n,reddit:author:SharkBaitDLS,AUTHORED_BY,1.0,{}
reddit:comment:ngyha3n,reddit:comment:ngxncux,REPLY_TO,1.0,{}
reddit:comment:nh0wtow,reddit:author:GenesisNemesis17,AUTHORED_BY,1.0,{}
reddit:comment:nh0wtow,reddit:comment:nh0r5e4,REPLY_TO,1.0,{}
reddit:comment:nh1gia2,reddit:author:Tolken,AUTHORED_BY,1.0,{}
reddit:comment:nh1gia2,reddit:comment:nh0r5e4,REPLY_TO,1.0,{}
reddit:comment:nh271y1,reddit:author:goranlepuz,AUTHORED_BY,1.0,{}
reddit:comment:nh271y1,reddit:comment:ngzerpl,REPLY_TO,1.0,{}
reddit:comment:nh0qrzp,reddit:author:goranlepuz,AUTHORED_BY,1.0,{}
reddit:comment:nh0qrzp,reddit:comment:ngzq76o,REPLY_TO,1.0,{}
reddit:comment:ngw3e99,reddit:author:WeldAE,AUTHORED_BY,1.0,{}
reddit:comment:ngw3e99,reddit:comment:ngw1u7n,REPLY_TO,1.0,{}
reddit:comment:nh18otr,reddit:author:the1truestripes,AUTHORED_BY,1.0,{}
reddit:comment:nh18otr,reddit:comment:ngw1u7n,REPLY_TO,1.0,{}
reddit:comment:nh2y0wn,reddit:author:WeldAE,AUTHORED_BY,1.0,{}
reddit:comment:nh2y0wn,reddit:comment:nh1ln61,REPLY_TO,1.0,{}
reddit:comment:ngyqne4,reddit:author:SharkBaitDLS,AUTHORED_BY,1.0,{}
reddit:comment:ngyqne4,reddit:comment:ngyplos,REPLY_TO,1.0,{}
reddit:comment:ngw8zd9,reddit:author:SharkBaitDLS,AUTHORED_BY,1.0,{}
reddit:comment:ngw8zd9,reddit:comment:ngw7y20,REPLY_TO,1.0,{}
reddit:comment:ngw9oms,reddit:author:Scorpy_Mjolnir,AUTHORED_BY,1.0,{}
reddit:comment:ngw9oms,reddit:comment:ngw7y20,REPLY_TO,1.0,{}
reddit:comment:ngw68vp,reddit:author:SharkBaitDLS,AUTHORED_BY,1.0,{}
reddit:comment:ngw68vp,reddit:comment:ngw5kep,REPLY_TO,1.0,{}
reddit:comment:ngx50hk,reddit:author:PM_MeYourCash,AUTHORED_BY,1.0,{}
reddit:comment:ngx50hk,reddit:comment:ngw5kep,REPLY_TO,1.0,{}
reddit:comment:ngxkr5o,reddit:author:2Drew2BTrue,AUTHORED_BY,1.0,{}
reddit:comment:ngxkr5o,reddit:comment:ngw5kep,REPLY_TO,1.0,{}
reddit:comment:nh0q3c7,reddit:author:WeldAE,AUTHORED_BY,1.0,{}
reddit:comment:nh0q3c7,reddit:comment:ngyha3n,REPLY_TO,1.0,{}
reddit:comment:nh1g6yh,reddit:author:RedundancyDoneWell,AUTHORED_BY,1.0,{}
reddit:comment:nh1g6yh,reddit:comment:ngyha3n,REPLY_TO,1.0,{}
reddit:comment:ngzva16,reddit:author:GenesisNemesis17,AUTHORED_BY,1.0,{}
reddit:comment:ngzva16,reddit:comment:ngyha3n,REPLY_TO,1.0,{}
reddit:comment:nh2yq7t,reddit:author:WeldAE,AUTHORED_BY,1.0,{}
reddit:comment:nh2yq7t,reddit:comment:nh1gia2,REPLY_TO,1.0,{}
reddit:comment:nh3zby2,reddit:author:2Drew2BTrue,AUTHORED_BY,1.0,{}
reddit:comment:nh3zby2,reddit:comment:nh271y1,REPLY_TO,1.0,{}
reddit:comment:nh2kw2m,reddit:author:Aurori_Swe,AUTHORED_BY,1.0,{}
reddit:comment:nh2kw2m,reddit:comment:nh18otr,REPLY_TO,1.0,{}
reddit:comment:nh8ntgg,reddit:author:Scorpy_Mjolnir,AUTHORED_BY,1.0,{}
reddit:comment:nh8ntgg,reddit:comment:nh2y0wn,REPLY_TO,1.0,{}
reddit:comment:nh1j0bk,reddit:author:the1truestripes,AUTHORED_BY,1.0,{}
reddit:comment:nh1j0bk,reddit:comment:ngw68vp,REPLY_TO,1.0,{}
reddit:comment:nh1ijnh,reddit:author:WeldAE,AUTHORED_BY,1.0,{}
reddit:comment:nh1ijnh,reddit:comment:ngx50hk,REPLY_TO,1.0,{}
reddit:comment:nh1a912,reddit:author:WeldAE,AUTHORED_BY,1.0,{}
reddit:comment:nh1a912,reddit:comment:ngxkr5o,REPLY_TO,1.0,{}
reddit:comment:nh0q9h2,reddit:author:WeldAE,AUTHORED_BY,1.0,{}
reddit:comment:nh0q9h2,reddit:comment:ngzva16,REPLY_TO,1.0,{}
reddit:comment:nh4proq,reddit:author:goranlepuz,AUTHORED_BY,1.0,{}
reddit:comment:nh4proq,reddit:comment:nh3zby2,REPLY_TO,1.0,{}
reddit:comment:nh30pj6,reddit:author:the1truestripes,AUTHORED_BY,1.0,{}
reddit:comment:nh30pj6,reddit:comment:nh2kw2m,REPLY_TO,1.0,{}
reddit:comment:nh3x6w5,reddit:author:2Drew2BTrue,AUTHORED_BY,1.0,{}
reddit:comment:nh3x6w5,reddit:comment:nh1a912,REPLY_TO,1.0,{}
