author_id,authority
reddit:author:Electrik_Truk,0.13707893363231935
reddit:author:RabbitHots504,0.08577840756487971
reddit:author:Hot_Zucchini7405,0.07022459068531749
reddit:author:elconquistador1985,0.06420296887087393
reddit:author:manitou202,0.04764621688545643
reddit:author:UniqueSteve,0.04504360380788292
reddit:author:Limekiller,0.044810484438526095
reddit:author:pokemonplayer2001,0.044810484438526095
reddit:author:user10515,0.041544859961811405
reddit:author:JamesVirani,0.032064387657554955
reddit:author:Over_Pop_8378,0.031915414183622606
reddit:author:elkruegs,0.029873656292350732
reddit:author:tkelly1740,0.029873656292350732
reddit:author:Uniquely-Authentic,0.029873656292350732
reddit:author:dissss0,0.029873656292350722
reddit:author:StartledPelican,0.02396330650602811
reddit:author:afkas17,0.019751552636479798
reddit:author:Dionysian-Heretic,0.0159470880721121
reddit:author:tm3_to_ev6,0.015014534602627656
reddit:author:AromaticJoe,0.014936828146175366
reddit:author:invertedSkiBum,0.014936828146175366
reddit:author:Livinincrazytown,0.014936828146175366
reddit:author:AbjectFray,0.014936828146175366
reddit:author:pmotiveforce,0.014936828146175366
reddit:author:TheSylvaniamToyShop,0.014936828146175361
reddit:author:SheSends,0.014649079288277144
reddit:author:AdventuresOfAD,0.008289660920726662
reddit:author:DeathChill,0.008246758480365449
reddit:author:lee1026,0.0042330323146713995
reddit:author:lamemonkeypox,0.00372476847648121
reddit:author:Lopsided_Quarter_931,0.0036506611758999282
reddit:author:blr1g,0.003132345197406252
reddit:author:tech57,0.0022197564407649252
reddit:author:ComeBackSquid,0.0020252582433248453
reddit:author:in_allium,0.0019827648631419565
reddit:author:cajunjoel,0.0018966678033348902
reddit:author:themrgq,0.0018709179121800927
reddit:author:ArterialVotives,0.001848087298554181
reddit:author:IanTrader,0.0016023203018823366
reddit:author:ThisIsPaulDaily,0.0014262624009037388
reddit:author:Jman841,0.0011629253365455156
reddit:author:mangobash84,0.0008782313348736015
reddit:author:mcot2222,0.0008130716396586604
reddit:author:SjalabaisWoWS,0.0007609468960413659
reddit:author:BedditTedditReddit,0.00041481085967156976
reddit:author:spinfire,0.0003722121780069995
reddit:author:appape,0.0003481592973522212
reddit:author:gotohellwithsuperman,0.0003481592973522212
reddit:author:Economist_hat,0.00031801197568803665
reddit:author:rob94708,0.00024391197731626942
reddit:author:eblackman,0.00021519919641617606
reddit:author:TooGoodToBeeTrue,0.00018680068694671036
reddit:author:andibangr,0.00017498527017129786
reddit:author:Plenty_Ad_161,0.0001740796486761106
reddit:author:bobjr94,0.00017219990121561374
reddit:author:gogaman,0.00015273183782662524
reddit:author:MossHops,0.0001369776594713645
reddit:author:GrandElectronic9471,0.00013219212469245807
reddit:author:NotYetReadyToRetire,0.00012860517088073698
reddit:author:owennagata,0.00011291396567131024
reddit:author:LanternCandle,0.00011046736609639873
reddit:author:Khao8,0.000110410047212465
reddit:author:Helpful_Let_5265,0.0001104091538504824
reddit:author:silverelan,0.00010595594443510949
reddit:author:Dirks_Knee,0.00010051233253350963
reddit:author:dbmamaz,8.654787181282782e-05
reddit:author:Okiekid1870,8.609995060780687e-05
reddit:author:DiputsDoof,8.609995060780687e-05
reddit:author:stephenBB81,8.609995060780687e-05
reddit:author:Fit-Introduction8575,8.582635935830986e-05
reddit:author:Oh_ffs_seriously,8.582635935830986e-05
reddit:author:BeerorCoffee,8.516273636494426e-05
reddit:author:iamabigtree,8.393397259396104e-05
reddit:author:LRS_David,6.989027434613194e-05
reddit:author:pimpbot666,6.286251993330122e-05
reddit:author:anothertechie,6.275865375721445e-05
reddit:author:DjMira1,6.112404022854182e-05
reddit:author:ozziegt,5.6802786080742934e-05
reddit:author:Germanofthebored,5.031904733963758e-05
reddit:author:ATotalCassegrain,5.0058625357584544e-05
reddit:author:gorkt,4.9456875605557626e-05
reddit:author:MrPhrazz,4.652852316395437e-05
reddit:author:helloWHATSUP,4.615983988396636e-05
reddit:author:couldbemage,4.565921982378682e-05
reddit:author:KingZarkon,4.565921982378682e-05
reddit:author:various_necks,4.565921982378682e-05
reddit:author:starswtt,3.704298137374332e-05
reddit:author:lumpiang-shanghai01,3.4450142034944363e-05
reddit:author:Strict_Somewhere_148,3.255177743142339e-05
reddit:author:the-code-father,3.2383308455037775e-05
reddit:author:mineral_minion,3.229869050619821e-05
reddit:author:Specialist-Coast9787,3.042458483365994e-05
reddit:author:lostinheadguy,2.873145230393601e-05
reddit:author:Next362,2.5883766262784086e-05
reddit:author:liquefry,2.5287325402377993e-05
reddit:author:TryNotToAnyways2,2.5105302369007722e-05
reddit:author:terran1212,2.500744432666773e-05
reddit:author:gonyere,2.2136836085577934e-05
reddit:author:xmodemlol,2.1665690638936567e-05
reddit:author:Organic_Mix7180,2.0954173311102018e-05
reddit:author:theotherharper,2.0954173311102018e-05
reddit:author:FencyMcFenceFace,2.0954173311102018e-05
reddit:author:dlewis23,2.0954173311102018e-05
reddit:author:capabus,2.0954173311102018e-05
reddit:author:iqisoverrated,2.0954173311102018e-05
reddit:author:Polymox,2.0954173311102018e-05
reddit:author:hippfive,2.0954173311102018e-05
reddit:author:ace184184,2.0954173311102018e-05
reddit:author:sprezzaturans,2.0954173311102018e-05
reddit:author:curiousklaus,2.0630033362514558e-05
reddit:author:rosier9,1.749199636266824e-05
reddit:author:Quinniper,1.6833583528262094e-05
reddit:author:tuctrohs,1.675881460031983e-05
reddit:author:darksamus8,1.6746462737644926e-05
reddit:author:Lost_Froyo7066,1.6746462737644926e-05
reddit:author:Old-View1769,1.6746462737644926e-05
reddit:author:stephenmw,1.6746462737644926e-05
reddit:author:NoGasNoProblem,1.6136831431232872e-05
reddit:author:adsarelies,1.563313574299119e-05
reddit:author:Akira282,1.476246024122332e-05
reddit:author:anarcurt,1.4683707378700835e-05
reddit:author:Quick_Possibility_99,1.3247787340513631e-05
reddit:author:Suitable_Switch5242,1.317922453538414e-05
reddit:author:alphatauri555,1.317922453538414e-05
reddit:author:fonetik,1.3109990155111952e-05
reddit:author:eclipse60,1.3109990155111952e-05
reddit:author:Alexandratta,1.258976521169765e-05
reddit:author:V_Doan,1.2381635746793416e-05
reddit:author:MrHighVoltage,1.2276042169081712e-05
reddit:author:Darth_Bane-0078,1.2212508549061883e-05
reddit:author:hojnikb,1.1464091405199626e-05
reddit:author:Tendies_From_Wendys,1.0945877975851825e-05
reddit:author:fnblackbeard,1.0684622061586738e-05
reddit:author:Treewithatea,1.0369241637027765e-05
reddit:author:Fit_Permission_6187,1.0315016681257884e-05
reddit:author:Levorotatory,1.031501668125506e-05
reddit:author:farrrtttttrrrrrrrrtr,9.511587870234823e-06
reddit:author:Jackpot777,9.378477168536767e-06
reddit:author:One-Ride-1194,8.798732880364344e-06
reddit:author:Fit_Driver2017,8.423228986072348e-06
reddit:author:Proof_Commercial8470,8.379635275463484e-06
reddit:author:maxyedor,8.33581477555517e-06
reddit:author:paulHarkonen,6.567526785507221e-06
reddit:author:tightcall,5.256378710669696e-06
reddit:author:wwwhatisgoingon,5.032013552984484e-06
reddit:author:cyb0rg1962,5.022089832304874e-06
reddit:author:noirknight,4.886845910941123e-06
reddit:author:Lunar-lantana,4.769441077166042e-06
reddit:author:ZobeidZuma,4.7578942682476095e-06
reddit:author:KennyBSAT,4.699464195255705e-06
reddit:author:Alternative-Eye-4150,4.645247516228808e-06
reddit:author:Berova,4.568857880033916e-06
reddit:author:azswcowboy,4.568857880033815e-06
reddit:author:FANGO,4.378351190338148e-06
reddit:author:Ok_Purchase1592,4.378351190338148e-06
reddit:author:EarthConservation,4.378351190338148e-06
reddit:author:ttownfeen,4.378351190338148e-06
reddit:author:Terrh,2.3896601472129993e-06
reddit:author:iamtherussianspy,2.189175595169074e-06
reddit:author:rp3rsaud,2.189175595169074e-06
reddit:author:chownrootroot,2.189175595169074e-06
reddit:author:Duffffmannnn,2.189175595169074e-06
reddit:author:bane_undone,2.189175595169074e-06
reddit:author:smelly-pooper,2.189175595169074e-06
reddit:author:Reasonable-Put6503,2.189175595169074e-06
reddit:author:LostPrimer,2.189175595169074e-06
reddit:author:ScuffedBalata,2.189175595169074e-06
reddit:author:Scorpy_Mjolnir,2.189175595169074e-06
reddit:author:ProfessionalYak4959,2.189175595169074e-06
reddit:author:Spiritual-Mechanic-4,1.948806074397826e-06
reddit:author:serpix,1.8201318351932642e-06
reddit:author:cultoftheclave,1.6544063771960421e-06
reddit:author:leshpar,1.1253940397041884e-06
reddit:author:Bhd1223,1.1253940397041884e-06
reddit:author:Dreaming_Blackbirds,1.0144696544608222e-06
reddit:author:takao-obi,5.112451985859682e-07
reddit:author:dinkygoat,5.006200601792454e-07
reddit:author:psaux_grep,5.006200601792454e-07
reddit:author:Anxious_Objective442,5.006200601609904e-07
reddit:author:Helpful-Winner-8300,2.1986924045494546e-07
reddit:author:s_nz,1.8110076657345282e-07
reddit:author:emprahsFury,1.801634948431391e-07
reddit:author:shaggy99,1.7922134710382292e-07
reddit:author:LooseyGreyDucky,1.6601150171631997e-07
reddit:author:toybuilder,1.4188587358741935e-07
reddit:author:ElChaz,1.3640524870565876e-07
reddit:author:toppig,1.32241224694448e-07
reddit:author:HotEntry7548,1.32241224694448e-07
reddit:author:Reginald_Venture,6.618486976761626e-08
reddit:author:coolangattic,6.441347717999039e-08
reddit:author:feurie,5.394431908969404e-08
reddit:author:Legitimate-Type4387,4.879002560584526e-08
reddit:author:reidmrdotcom,8.062687553894804e-09
reddit:author:Disastrous-Force,7.979232035447878e-09
reddit:author:xfrosch,2.017080871742828e-18
reddit:author:incubeezer,1.8153727845685453e-18
reddit:author:SnakeJG,1.8153727845685453e-18
reddit:author:FlamboyantKoala,1.4119566102199794e-18
reddit:author:Bambussen,1.4119566102199794e-18
reddit:author:footpole,1.4119566102199794e-18
reddit:author:IntelligentSinger783,8.068323486971311e-19
reddit:author:onvaca,7.564053269035605e-19
reddit:author:ViktorKitov,4.0341617434856556e-19
reddit:author:FUMoney,3.5298915255499484e-19
reddit:author:Odd-String29,-0.0
reddit:author:alaninsitges,-0.0
reddit:author:chestertonfence,-0.0
reddit:author:humblequest22,-0.0
reddit:author:wgn_luv,-0.0
reddit:author:EaglesPDX,-0.0
reddit:author:Chicoutimi,-0.0
reddit:author:RiverBard,-0.0
reddit:author:eSUP80,-0.0
reddit:author:Etrigone,-0.0
reddit:author:speedy-72,-0.0
reddit:author:malongoria,-0.0
reddit:author:DunnoNothingAtAll,-0.0
reddit:author:StK84,-0.0
reddit:author:HourAd5987,-0.0
reddit:author:Adorable_Wolf_8387,-0.0
reddit:author:Sti1g,-0.0
reddit:author:BlueSwordM,-0.0
reddit:author:ensignlee,-0.0
reddit:author:Lorax91,-0.0
reddit:author:greygabe,-0.0
reddit:author:ruffen,-0.0
reddit:author:DrJohnFZoidberg,-0.0
reddit:author:alaorath,-0.0
reddit:author:tenmilephoto,-0.0
reddit:author:Jottor,-0.0
reddit:author:netscorer1,-0.0
reddit:author:Such-Regret4652,-0.0
reddit:author:ApprehensiveSize7662,-0.0
reddit:author:Kange109,-0.0
reddit:author:SirLoondry,-0.0
reddit:author:violent_advert,-0.0
reddit:author:riddick81,-0.0
reddit:author:Counting-Tiles4567,-0.0
reddit:author:chfp,-0.0
reddit:author:NorthStarZero,-0.0
reddit:author:charliemike,-0.0
reddit:author:StatusMaleficent5832,-0.0
reddit:author:joeljaeggli,-0.0
reddit:author:im_thatoneguy,-0.0
reddit:author:WeldAE,-0.0
reddit:author:dcdttu,-0.0
reddit:author:BigRobCommunistDog,-0.0
reddit:author:DamnUOnions,-0.0
reddit:author:cecirdr,-0.0
reddit:author:This_Independence_13,-0.0
reddit:author:npanth,-0.0
reddit:author:JFreader,-0.0
reddit:author:jinjuwaka,-0.0
reddit:author:pc772,-0.0
reddit:author:TheRuneMeister,-0.0
reddit:author:Lopoetve,-0.0
reddit:author:TheWizard,-0.0
reddit:author:PAJW,-0.0
reddit:author:HighHokie,-0.0
reddit:author:rocketsarego,-0.0
reddit:author:Earlgr3yh0t,-0.0
reddit:author:GamemasterJeff,-0.0
reddit:author:connly33,-0.0
reddit:author:ubercruise,-0.0
reddit:author:start3ch,-0.0
reddit:author:Ryoga476ad,-0.0
reddit:author:redfoobar,-0.0
reddit:author:Obvious-Slip4728,-0.0
reddit:author:AcousticRegards,-0.0
reddit:author:phate_exe,-0.0
reddit:author:Techwood111,-0.0
reddit:author:MattSmithRadioGuy,-0.0
reddit:author:ftumph,-0.0
reddit:author:Astronomy_Setec,-0.0
reddit:author:WesBur13,-0.0
reddit:author:NJdestroyed,-0.0
reddit:author:Tyr1326,-0.0
reddit:author:Yummy_Castoreum,-0.0
reddit:author:pohudsaijoadsijdas,-0.0
reddit:author:powaqqa,-0.0
reddit:author:tinydonuts,-0.0
reddit:author:fishforce1,-0.0
reddit:author:PersnickityPenguin,-0.0
reddit:author:Mendevolent,-0.0
reddit:author:bovikSE,-0.0
reddit:author:LionTigerWings,-0.0
reddit:author:Beginning_Key2167,-0.0
reddit:author:Angello__34,-0.0
reddit:author:sweetredleaf,-0.0
reddit:author:aholetookmyusername,-0.0
reddit:author:cahmed,-0.0
reddit:author:river_rambler,-0.0
reddit:author:Vanterax,-0.0
reddit:author:S4vingRyan-sPr1v8,-0.0
reddit:author:GettingBackToRC,-0.0
reddit:author:thecheesecakemans,-0.0
reddit:author:goldblumspowerbook,-0.0
reddit:author:Moist_Network_8222,-0.0
reddit:author:marcoblondino,-0.0
reddit:author:tomKphoto_,-0.0
reddit:author:Aggravating_Fact9547,-0.0
reddit:author:mayyrh,-0.0
reddit:author:auronedge,-0.0
reddit:author:LeadingScene5702,-0.0
reddit:author:bigmix222,-0.0
reddit:author:OldHob,-0.0
reddit:author:Material_Tea_6173,-0.0
reddit:author:Bogojosh,-0.0
reddit:author:PoorNursingStudent,-0.0
reddit:author:Sagrilarus,-0.0
reddit:author:Forward_Recover_1135,-0.0
reddit:author:Inside_Classroom_142,-0.0
reddit:author:Bryanmsi89,-0.0
reddit:author:dirtyoldbastard77,-0.0
reddit:author:hackenstuffen,-0.0
reddit:author:markuus99,-0.0
reddit:author:lordkiwi,-0.0
reddit:author:scott257,-0.0
reddit:author:helm,-0.0
reddit:author:IllExtreme2665,-0.0
reddit:author:SoulTaker669,-0.0
reddit:author:General-Aide2517,-0.0
reddit:author:jmk5151,-0.0
reddit:author:ZombieInDC,-0.0
reddit:author:jbergens,-0.0
reddit:author:Less_Suit5502,-0.0
reddit:author:huuaaang,-0.0
reddit:author:teddykon,-0.0
reddit:author:Fathimir,-0.0
reddit:author:thirdLeg51,-0.0
reddit:author:LV_Devotee,-0.0
reddit:author:godlords,-0.0
reddit:author:Secure-Evening8197,-0.0
reddit:author:CMG30,-0.0
reddit:author:Car-face,-0.0
reddit:author:Hasrdotkotu,-0.0
reddit:author:Cambren1,-0.0
reddit:author:quixotik,-0.0
reddit:author:Adorable_Tadpole_726,-0.0
reddit:author:TheOptimisticHater,-0.0
reddit:author:Heraclius404,-0.0
reddit:author:GJMOH,-0.0
reddit:author:ericbythebay,-0.0
reddit:author:scienceizfake,-0.0
reddit:author:perrochon,-0.0
reddit:author:Consistent-Day-434,-0.0
reddit:author:SurinamPam,-0.0
reddit:author:HistorianEvening5919,-0.0
reddit:author:Substantial-Ad-8575,-0.0
reddit:author:Afooooof,-0.0
reddit:author:Berliner1220,-0.0
reddit:author:ac9116,-0.0
reddit:author:droids4evr,-0.0
reddit:author:Jogurt55991,-0.0
reddit:author:LEM1978,-0.0
reddit:author:Gold-Kaleidoscope-23,-0.0
reddit:author:Mothringer,-0.0
reddit:author:lump77777,-0.0
reddit:author:United_Concept1654,-0.0
reddit:author:Acceptable-Rope6000,-0.0
reddit:author:Mustangfast85,-0.0
reddit:author:Kjelstad,-0.0
reddit:author:doug4630,-0.0
reddit:author:michmill1970,-0.0
reddit:author:randynumbergenerator,-0.0
reddit:author:brucecaboose,-0.0
reddit:author:ZucchiniAlert2582,-0.0
reddit:author:CurtisRobert1948,-0.0
reddit:author:dm_me_cute_puppers,-0.0
reddit:author:Kandinsky301,-0.0
reddit:author:Bravadette,-0.0
reddit:author:Acceptable_Elk_8181,-0.0
reddit:author:Worldly-Campaign-330,-0.0
reddit:author:Lazy-Citron2584,-0.0
reddit:author:12inchsandwich,-0.0
reddit:author:CliftonForce,-0.0
reddit:author:ifdefmoose,-0.0
reddit:author:RespectSquare8279,-0.0
reddit:author:Virtual-Hotel8156,-0.0
reddit:author:GraniteGeekNH,-0.0
reddit:author:xangkory,-0.0
reddit:author:Brandon3541,-0.0
reddit:author:DontEatConcrete,-0.0
reddit:author:woyteck,-0.0
reddit:author:maartrack,-0.0
reddit:author:sarhoshamiral,-0.0
reddit:author:Cultural-Ad4953,-0.0
reddit:author:DingbattheGreat,-0.0
reddit:author:willingzenith,-0.0
reddit:author:azntorian,-0.0
reddit:author:Spirited-Manner9674,-0.0
reddit:author:GregInFl,-0.0
reddit:author:Any-Instance2592,-0.0
reddit:author:IlIlllIlllIlIIllI,-0.0
reddit:author:Nice-Sandwich-9338,-0.0
reddit:author:thejumpingsheep2,-0.0
reddit:author:Doublestack00,-0.0
reddit:author:MostlyDeferential,-0.0
reddit:author:Flohpange,-0.0
reddit:author:ilseng,-0.0
reddit:author:thebaldfox,-0.0
reddit:author:10Bens,-0.0
reddit:author:FireOpalCO,-0.0
reddit:author:DoubleOwl7777,-0.0
reddit:author:fzwo,-0.0
reddit:author:laduzi_xiansheng,-0.0
reddit:author:V8-Turbo-Hybrid,-0.0
reddit:author:Lower-Landscape2056,-0.0
reddit:author:xaanthar,-4.4123644069374355e-20
reddit:author:Peds12,-6.93371549661597e-20
reddit:author:e3super,-1.2606755448392676e-19
reddit:author:bomber991,-6.051242615228485e-19
reddit:author:dirty_cuban,-1.008540435871414e-18
reddit:author:JumpyWerewolf9439,-1.1093944794585553e-18
reddit:author:Reaper_MIDI,-1.1093944794585553e-18
reddit:author:Space2999,-1.210248523045697e-18
reddit:author:Volvowner44,-2.017080871742828e-18
reddit:author:ihavenoidea12345678,-2.017080871742828e-18
reddit:author:cougieuk,-3.2273293947885244e-18
reddit:author:Chemical-Idea-1294,-5.2444102665313526e-18
