author_id,pagerank
reddit:author:Dionysian-Heretic,0.10364412572766979
reddit:author:in_allium,0.08436532204546691
reddit:author:mangobash84,0.034811474977758584
reddit:author:rob94708,0.031460353808102255
reddit:author:IanTrader,0.030491864096745886
reddit:author:Helpful_Let_5265,0.025369917576620354
reddit:author:mcot2222,0.024360038569379978
reddit:author:Strict_Somewhere_148,0.019471224487299266
reddit:author:Khao8,0.018117503617022503
reddit:author:Tendies_From_Wendys,0.015174556851734564
reddit:author:blr1g,0.015145414531063384
reddit:author:user10515,0.014995373025741611
reddit:author:Hot_Zucchini7405,0.012896453338153703
reddit:author:Fit-Introduction8575,0.012429172428108879
reddit:author:Oh_ffs_seriously,0.012429172428108879
reddit:author:xaanthar,0.011729033998010702
reddit:author:paulHarkonen,0.00929533052382866
reddit:author:lumpiang-shanghai01,0.009158821862700414
reddit:author:cajunjoel,0.009060488795436727
reddit:author:spinfire,0.008048748486881679
reddit:author:SjalabaisWoWS,0.00783998369349579
reddit:author:Space2999,0.006915382239810128
reddit:author:bomber991,0.006915382239810128
reddit:author:anothertechie,0.0068829409524500396
reddit:author:FANGO,0.006355717359875707
reddit:author:Ok_Purchase1592,0.006355717359875707
reddit:author:EarthConservation,0.006355717359875707
reddit:author:ttownfeen,0.006355717359875707
reddit:author:pimpbot666,0.006031251750538134
reddit:author:eblackman,0.005948821715680064
reddit:author:NoGasNoProblem,0.00588915192502603
reddit:author:TooGoodToBeeTrue,0.005657416220057787
reddit:author:Economist_hat,0.0054269672829828875
reddit:author:Electrik_Truk,0.005298084920030863
reddit:author:Next362,0.005288423652879872
reddit:author:ozziegt,0.004698441951495027
reddit:author:rosier9,0.00432230359967385
reddit:author:ArterialVotives,0.004240303212525124
reddit:author:the-code-father,0.004070712765874559
reddit:author:BeerorCoffee,0.004027300096275247
reddit:author:curiousklaus,0.003998238868043959
reddit:author:lee1026,0.0038918713470553453
reddit:author:StartledPelican,0.003861680026739935
reddit:author:Dreaming_Blackbirds,0.00375337560614054
reddit:author:reidmrdotcom,0.003705626653042457
reddit:author:iamtherussianspy,0.0034161041959227547
reddit:author:rp3rsaud,0.0034161041959227547
reddit:author:chownrootroot,0.0034161041959227547
reddit:author:Duffffmannnn,0.0034161041959227547
reddit:author:bane_undone,0.0034161041959227547
reddit:author:smelly-pooper,0.0034161041959227547
reddit:author:Reasonable-Put6503,0.0034161041959227547
reddit:author:LostPrimer,0.0034161041959227547
reddit:author:ScuffedBalata,0.0034161041959227547
reddit:author:Scorpy_Mjolnir,0.0034161041959227547
reddit:author:ProfessionalYak4959,0.0034161041959227547
reddit:author:dbmamaz,0.0033948625388147942
reddit:author:MrPhrazz,0.0033630747723729835
reddit:author:RabbitHots504,0.0030865309510539852
reddit:author:Lopsided_Quarter_931,0.0030576116294919343
reddit:author:ihavenoidea12345678,0.0030430913823441715
reddit:author:Reginald_Venture,0.003019382116571633
reddit:author:liquefry,0.0029829088509269303
reddit:author:gorkt,0.002946263025050002
reddit:author:takao-obi,0.0028873903002104807
reddit:author:BedditTedditReddit,0.0026226314059952655
reddit:author:andibangr,0.0025698057766270553
reddit:author:fnblackbeard,0.002462330788739905
reddit:author:JumpyWerewolf9439,0.00241616875827127
reddit:author:SheSends,0.002404637914297577
reddit:author:TryNotToAnyways2,0.0023843116998887148
reddit:author:Organic_Mix7180,0.002328077938159246
reddit:author:theotherharper,0.002328077938159246
reddit:author:FencyMcFenceFace,0.002328077938159246
reddit:author:dlewis23,0.002328077938159246
reddit:author:capabus,0.002328077938159246
reddit:author:iqisoverrated,0.002328077938159246
reddit:author:Polymox,0.002328077938159246
reddit:author:hippfive,0.002328077938159246
reddit:author:ace184184,0.002328077938159246
reddit:author:sprezzaturans,0.002328077938159246
reddit:author:Treewithatea,0.0022819546638096415
reddit:author:Dirks_Knee,0.0022715403294036487
reddit:author:elconquistador1985,0.002235803585773069
reddit:author:Germanofthebored,0.0021842399685037257
reddit:author:One-Ride-1194,0.0021451876553053428
reddit:author:fonetik,0.0020739826296053594
reddit:author:eclipse60,0.0020739826296053594
reddit:author:LRS_David,0.0020439161210009313
reddit:author:LooseyGreyDucky,0.0020379318532462603
reddit:author:NotYetReadyToRetire,0.0020074297434657094
reddit:author:Jackpot777,0.0020027794963282295
reddit:author:tightcall,0.001954749928974717
reddit:author:bobjr94,0.001849125904945058
reddit:author:gonyere,0.0018318478767787316
reddit:author:FlamboyantKoala,0.0018083643926576141
reddit:author:Bambussen,0.0018083643926576141
reddit:author:footpole,0.0018083643926576141
reddit:author:UniqueSteve,0.0017842536573021458
reddit:author:ATotalCassegrain,0.0017792311030337346
reddit:author:manitou202,0.001774186631193095
reddit:author:LanternCandle,0.0017739672543863759
reddit:author:terran1212,0.001758241977905191
reddit:author:cyb0rg1962,0.00174800674416058
reddit:author:Terrh,0.0017384371942022686
reddit:author:helloWHATSUP,0.001689677632139279
reddit:author:Alexandratta,0.0016589925926452243
reddit:author:Helpful-Winner-8300,0.001650349135368201
reddit:author:GrandElectronic9471,0.001642913691869863
reddit:author:starswtt,0.0016200262054527738
reddit:author:MossHops,0.0016168079728442995
reddit:author:wwwhatisgoingon,0.001608992444850476
reddit:author:Akira282,0.0016004260582875682
reddit:author:ElChaz,0.0015792308367152319
reddit:author:anarcurt,0.0015723039136495817
reddit:author:gogaman,0.0015705583175805572
reddit:author:themrgq,0.001565644158961801
reddit:author:toppig,0.001526638829231296
reddit:author:HotEntry7548,0.001526638829231296
reddit:author:Over_Pop_8378,0.0014824802523447404
reddit:author:iamabigtree,0.0014371624538662715
reddit:author:cougieuk,0.001380062261842422
reddit:author:IntelligentSinger783,0.001380062261842422
reddit:author:dirty_cuban,0.001380062261842422
reddit:author:lamemonkeypox,0.0013553211502360582
reddit:author:s_nz,0.0013373801811556137
reddit:author:AdventuresOfAD,0.0013318462891971352
reddit:author:Anxious_Objective442,0.0013095719851811134
reddit:author:dinkygoat,0.0013095719851811134
reddit:author:psaux_grep,0.0013095719851811134
reddit:author:cultoftheclave,0.0013073007996439526
reddit:author:ZobeidZuma,0.0012965454715829637
reddit:author:ViktorKitov,0.0012865087629097844
reddit:author:e3super,0.0012865087629097844
reddit:author:Peds12,0.0012690093863326859
reddit:author:Lunar-lantana,0.0012630959886069113
reddit:author:silverelan,0.0012591381722423262
reddit:author:feurie,0.0012550422450350244
reddit:author:Specialist-Coast9787,0.0012493570167774854
reddit:author:DjMira1,0.0011941040668196274
reddit:author:Okiekid1870,0.0011628084684574302
reddit:author:DiputsDoof,0.0011628084684574302
reddit:author:stephenBB81,0.0011628084684574302
reddit:author:Quick_Possibility_99,0.001156227798461248
reddit:author:Fit_Driver2017,0.0011556669470971545
reddit:author:onvaca,0.001149189717787219
reddit:author:Limekiller,0.0011213922470240216
reddit:author:pokemonplayer2001,0.0011213922470240216
reddit:author:afkas17,0.0011125421819984241
reddit:author:Disastrous-Force,0.0011103876939915504
reddit:author:tm3_to_ev6,0.001096466969124533
reddit:author:V_Doan,0.0010761573296302921
reddit:author:tuctrohs,0.0010758247264953372
reddit:author:adsarelies,0.0010739758077724815
reddit:author:Fit_Permission_6187,0.0010630266515916156
reddit:author:Berova,0.0010630266515916156
reddit:author:maxyedor,0.0010630266515916156
reddit:author:Spiritual-Mechanic-4,0.0010556160922827035
reddit:author:MrHighVoltage,0.0010313561980601496
reddit:author:Quinniper,0.0010039536465519527
reddit:author:JamesVirani,0.0009868232939163446
reddit:author:Alternative-Eye-4150,0.0009717765143977012
reddit:author:shaggy99,0.0009676567782499915
reddit:author:xmodemlol,0.0009468357571294473
reddit:author:KennyBSAT,0.0009440965558139304
reddit:author:emprahsFury,0.0009323713156856226
reddit:author:DeathChill,0.0009268374237271443
reddit:author:elkruegs,0.0009064251753392817
reddit:author:tkelly1740,0.0009064251753392817
reddit:author:Uniquely-Authentic,0.0009064251753392817
reddit:author:dissss0,0.0009064251753392817
reddit:author:owennagata,0.0008821627787479985
reddit:author:tech57,0.0008818473323940199
reddit:author:incubeezer,0.0008814998974397935
reddit:author:Chemical-Idea-1294,0.0008814998974397935
reddit:author:Volvowner44,0.0008814998974397935
reddit:author:xfrosch,0.0008814998974397935
reddit:author:FUMoney,0.0008814998974397935
reddit:author:Reaper_MIDI,0.0008814998974397935
reddit:author:SnakeJG,0.0008814998974397935
reddit:author:couldbemage,0.0008565966789279681
reddit:author:KingZarkon,0.0008565966789279681
reddit:author:various_necks,0.0008565966789279681
reddit:author:farrrtttttrrrrrrrrtr,0.0008512767299500438
reddit:author:lostinheadguy,0.000839608814622325
reddit:author:coolangattic,0.0008085868826296985
reddit:author:ComeBackSquid,0.0007932342883715287
reddit:author:mineral_minion,0.0007914206914146499
reddit:author:serpix,0.0007814047301719961
reddit:author:Jman841,0.0007798129814712586
reddit:author:azswcowboy,0.0007719535136093581
reddit:author:Proof_Commercial8470,0.0007506580816271637
reddit:author:Levorotatory,0.0007464067158366521
reddit:author:ThisIsPaulDaily,0.0007391109111661272
reddit:author:appape,0.000705106178163285
reddit:author:gotohellwithsuperman,0.000705106178163285
reddit:author:leshpar,0.0006952108269117988
reddit:author:Bhd1223,0.0006952108269117988
reddit:author:AromaticJoe,0.0006914581036545421
reddit:author:invertedSkiBum,0.0006914581036545421
reddit:author:Livinincrazytown,0.0006914581036545421
reddit:author:AbjectFray,0.0006914581036545421
reddit:author:pmotiveforce,0.0006914581036545421
reddit:author:TheSylvaniamToyShop,0.0006914581036545421
reddit:author:Legitimate-Type4387,0.0006789954647047979
reddit:author:Suitable_Switch5242,0.0006471329042896368
reddit:author:alphatauri555,0.0006471329042896368
reddit:author:hojnikb,0.0006351021931348282
reddit:author:Darth_Bane-0078,0.0006263473325901587
reddit:author:noirknight,0.0006114939871264661
reddit:author:toybuilder,0.0006114939871264661
reddit:author:darksamus8,0.0005989447810819618
reddit:author:Lost_Froyo7066,0.0005989447810819618
reddit:author:Old-View1769,0.0005989447810819618
reddit:author:stephenmw,0.0005989447810819618
reddit:author:Plenty_Ad_161,0.0005907986050665437
reddit:author:Odd-String29,0.00047649103196980246
reddit:author:alaninsitges,0.00047649103196980246
reddit:author:chestertonfence,0.00047649103196980246
reddit:author:humblequest22,0.00047649103196980246
reddit:author:wgn_luv,0.00047649103196980246
reddit:author:EaglesPDX,0.00047649103196980246
reddit:author:Chicoutimi,0.00047649103196980246
reddit:author:RiverBard,0.00047649103196980246
reddit:author:eSUP80,0.00047649103196980246
reddit:author:Etrigone,0.00047649103196980246
reddit:author:speedy-72,0.00047649103196980246
reddit:author:malongoria,0.00047649103196980246
reddit:author:DunnoNothingAtAll,0.00047649103196980246
reddit:author:StK84,0.00047649103196980246
reddit:author:HourAd5987,0.00047649103196980246
reddit:author:Adorable_Wolf_8387,0.00047649103196980246
reddit:author:Sti1g,0.00047649103196980246
reddit:author:BlueSwordM,0.00047649103196980246
reddit:author:ensignlee,0.00047649103196980246
reddit:author:Lorax91,0.00047649103196980246
reddit:author:greygabe,0.00047649103196980246
reddit:author:ruffen,0.00047649103196980246
reddit:author:DrJohnFZoidberg,0.00047649103196980246
reddit:author:alaorath,0.00047649103196980246
reddit:author:tenmilephoto,0.00047649103196980246
reddit:author:Jottor,0.00047649103196980246
reddit:author:netscorer1,0.00047649103196980246
reddit:author:Such-Regret4652,0.00047649103196980246
reddit:author:ApprehensiveSize7662,0.00047649103196980246
reddit:author:Kange109,0.00047649103196980246
reddit:author:SirLoondry,0.00047649103196980246
reddit:author:violent_advert,0.00047649103196980246
reddit:author:riddick81,0.00047649103196980246
reddit:author:Counting-Tiles4567,0.00047649103196980246
reddit:author:chfp,0.00047649103196980246
reddit:author:NorthStarZero,0.00047649103196980246
reddit:author:charliemike,0.00047649103196980246
reddit:author:StatusMaleficent5832,0.00047649103196980246
reddit:author:joeljaeggli,0.00047649103196980246
reddit:author:im_thatoneguy,0.00047649103196980246
reddit:author:WeldAE,0.00047649103196980246
reddit:author:dcdttu,0.00047649103196980246
reddit:author:BigRobCommunistDog,0.00047649103196980246
reddit:author:DamnUOnions,0.00047649103196980246
reddit:author:cecirdr,0.00047649103196980246
reddit:author:This_Independence_13,0.00047649103196980246
reddit:author:npanth,0.00047649103196980246
reddit:author:JFreader,0.00047649103196980246
reddit:author:jinjuwaka,0.00047649103196980246
reddit:author:pc772,0.00047649103196980246
reddit:author:TheRuneMeister,0.00047649103196980246
reddit:author:Lopoetve,0.00047649103196980246
reddit:author:TheWizard,0.00047649103196980246
reddit:author:PAJW,0.00047649103196980246
reddit:author:HighHokie,0.00047649103196980246
reddit:author:rocketsarego,0.00047649103196980246
reddit:author:Earlgr3yh0t,0.00047649103196980246
reddit:author:GamemasterJeff,0.00047649103196980246
reddit:author:connly33,0.00047649103196980246
reddit:author:ubercruise,0.00047649103196980246
reddit:author:start3ch,0.00047649103196980246
reddit:author:Ryoga476ad,0.00047649103196980246
reddit:author:redfoobar,0.00047649103196980246
reddit:author:Obvious-Slip4728,0.00047649103196980246
reddit:author:AcousticRegards,0.00047649103196980246
reddit:author:phate_exe,0.00047649103196980246
reddit:author:Techwood111,0.00047649103196980246
reddit:author:MattSmithRadioGuy,0.00047649103196980246
reddit:author:ftumph,0.00047649103196980246
reddit:author:Astronomy_Setec,0.00047649103196980246
reddit:author:WesBur13,0.00047649103196980246
reddit:author:NJdestroyed,0.00047649103196980246
reddit:author:Tyr1326,0.00047649103196980246
reddit:author:Yummy_Castoreum,0.00047649103196980246
reddit:author:pohudsaijoadsijdas,0.00047649103196980246
reddit:author:powaqqa,0.00047649103196980246
reddit:author:tinydonuts,0.00047649103196980246
reddit:author:fishforce1,0.00047649103196980246
reddit:author:PersnickityPenguin,0.00047649103196980246
reddit:author:Mendevolent,0.00047649103196980246
reddit:author:bovikSE,0.00047649103196980246
reddit:author:LionTigerWings,0.00047649103196980246
reddit:author:Beginning_Key2167,0.00047649103196980246
reddit:author:Angello__34,0.00047649103196980246
reddit:author:sweetredleaf,0.00047649103196980246
reddit:author:aholetookmyusername,0.00047649103196980246
reddit:author:cahmed,0.00047649103196980246
reddit:author:river_rambler,0.00047649103196980246
reddit:author:Vanterax,0.00047649103196980246
reddit:author:S4vingRyan-sPr1v8,0.00047649103196980246
reddit:author:GettingBackToRC,0.00047649103196980246
reddit:author:thecheesecakemans,0.00047649103196980246
reddit:author:goldblumspowerbook,0.00047649103196980246
reddit:author:Moist_Network_8222,0.00047649103196980246
reddit:author:marcoblondino,0.00047649103196980246
reddit:author:tomKphoto_,0.00047649103196980246
reddit:author:Aggravating_Fact9547,0.00047649103196980246
reddit:author:mayyrh,0.00047649103196980246
reddit:author:auronedge,0.00047649103196980246
reddit:author:LeadingScene5702,0.00047649103196980246
reddit:author:bigmix222,0.00047649103196980246
reddit:author:OldHob,0.00047649103196980246
reddit:author:Material_Tea_6173,0.00047649103196980246
reddit:author:Bogojosh,0.00047649103196980246
reddit:author:PoorNursingStudent,0.00047649103196980246
reddit:author:Sagrilarus,0.00047649103196980246
reddit:author:Forward_Recover_1135,0.00047649103196980246
reddit:author:Inside_Classroom_142,0.00047649103196980246
reddit:author:Bryanmsi89,0.00047649103196980246
reddit:author:dirtyoldbastard77,0.00047649103196980246
reddit:author:hackenstuffen,0.00047649103196980246
reddit:author:markuus99,0.00047649103196980246
reddit:author:lordkiwi,0.00047649103196980246
reddit:author:scott257,0.00047649103196980246
reddit:author:helm,0.00047649103196980246
reddit:author:IllExtreme2665,0.00047649103196980246
reddit:author:SoulTaker669,0.00047649103196980246
reddit:author:General-Aide2517,0.00047649103196980246
reddit:author:jmk5151,0.00047649103196980246
reddit:author:ZombieInDC,0.00047649103196980246
reddit:author:jbergens,0.00047649103196980246
reddit:author:Less_Suit5502,0.00047649103196980246
reddit:author:huuaaang,0.00047649103196980246
reddit:author:teddykon,0.00047649103196980246
reddit:author:Fathimir,0.00047649103196980246
reddit:author:thirdLeg51,0.00047649103196980246
reddit:author:LV_Devotee,0.00047649103196980246
reddit:author:godlords,0.00047649103196980246
reddit:author:Secure-Evening8197,0.00047649103196980246
reddit:author:CMG30,0.00047649103196980246
reddit:author:Car-face,0.00047649103196980246
reddit:author:Hasrdotkotu,0.00047649103196980246
reddit:author:Cambren1,0.00047649103196980246
reddit:author:quixotik,0.00047649103196980246
reddit:author:Adorable_Tadpole_726,0.00047649103196980246
reddit:author:TheOptimisticHater,0.00047649103196980246
reddit:author:Heraclius404,0.00047649103196980246
reddit:author:GJMOH,0.00047649103196980246
reddit:author:ericbythebay,0.00047649103196980246
reddit:author:scienceizfake,0.00047649103196980246
reddit:author:perrochon,0.00047649103196980246
reddit:author:Consistent-Day-434,0.00047649103196980246
reddit:author:SurinamPam,0.00047649103196980246
reddit:author:HistorianEvening5919,0.00047649103196980246
reddit:author:Substantial-Ad-8575,0.00047649103196980246
reddit:author:Afooooof,0.00047649103196980246
reddit:author:Berliner1220,0.00047649103196980246
reddit:author:ac9116,0.00047649103196980246
reddit:author:droids4evr,0.00047649103196980246
reddit:author:Jogurt55991,0.00047649103196980246
reddit:author:LEM1978,0.00047649103196980246
reddit:author:Gold-Kaleidoscope-23,0.00047649103196980246
reddit:author:Mothringer,0.00047649103196980246
reddit:author:lump77777,0.00047649103196980246
reddit:author:United_Concept1654,0.00047649103196980246
reddit:author:Acceptable-Rope6000,0.00047649103196980246
reddit:author:Mustangfast85,0.00047649103196980246
reddit:author:Kjelstad,0.00047649103196980246
reddit:author:doug4630,0.00047649103196980246
reddit:author:michmill1970,0.00047649103196980246
reddit:author:randynumbergenerator,0.00047649103196980246
reddit:author:brucecaboose,0.00047649103196980246
reddit:author:ZucchiniAlert2582,0.00047649103196980246
reddit:author:CurtisRobert1948,0.00047649103196980246
reddit:author:dm_me_cute_puppers,0.00047649103196980246
reddit:author:Kandinsky301,0.00047649103196980246
reddit:author:Bravadette,0.00047649103196980246
reddit:author:Acceptable_Elk_8181,0.00047649103196980246
reddit:author:Worldly-Campaign-330,0.00047649103196980246
reddit:author:Lazy-Citron2584,0.00047649103196980246
reddit:author:12inchsandwich,0.00047649103196980246
reddit:author:CliftonForce,0.00047649103196980246
reddit:author:ifdefmoose,0.00047649103196980246
reddit:author:RespectSquare8279,0.00047649103196980246
reddit:author:Virtual-Hotel8156,0.00047649103196980246
reddit:author:GraniteGeekNH,0.00047649103196980246
reddit:author:xangkory,0.00047649103196980246
reddit:author:Brandon3541,0.00047649103196980246
reddit:author:DontEatConcrete,0.00047649103196980246
reddit:author:woyteck,0.00047649103196980246
reddit:author:maartrack,0.00047649103196980246
reddit:author:sarhoshamiral,0.00047649103196980246
reddit:author:Cultural-Ad4953,0.00047649103196980246
reddit:author:DingbattheGreat,0.00047649103196980246
reddit:author:willingzenith,0.00047649103196980246
reddit:author:azntorian,0.00047649103196980246
reddit:author:Spirited-Manner9674,0.00047649103196980246
reddit:author:GregInFl,0.00047649103196980246
reddit:author:Any-Instance2592,0.00047649103196980246
reddit:author:IlIlllIlllIlIIllI,0.00047649103196980246
reddit:author:Nice-Sandwich-9338,0.00047649103196980246
reddit:author:thejumpingsheep2,0.00047649103196980246
reddit:author:Doublestack00,0.00047649103196980246
reddit:author:MostlyDeferential,0.00047649103196980246
reddit:author:Flohpange,0.00047649103196980246
reddit:author:ilseng,0.00047649103196980246
reddit:author:thebaldfox,0.00047649103196980246
reddit:author:10Bens,0.00047649103196980246
reddit:author:FireOpalCO,0.00047649103196980246
reddit:author:DoubleOwl7777,0.00047649103196980246
reddit:author:fzwo,0.00047649103196980246
reddit:author:laduzi_xiansheng,0.00047649103196980246
reddit:author:V8-Turbo-Hybrid,0.00047649103196980246
reddit:author:Lower-Landscape2056,0.00047649103196980246
