author_id,hub
reddit:author:SharkBaitDLS,0.14804509992494208
reddit:author:Scorpy_Mjolnir,0.10504921585434426
reddit:author:GenesisNemesis17,0.048658861618588164
reddit:author:WeldAE,0.04366879091254072
reddit:author:2Drew2BTrue,0.04353897617417432
reddit:author:Leasir,0.04111591442940228
reddit:author:Aurori_Swe,0.04049046706805719
reddit:author:sctbke,0.026168414907872938
reddit:author:thePolicy0fTruth,0.026096286634806728
reddit:author:Riversntallbuildings,0.025420284995947784
reddit:author:Tolken,0.021028845459167125
reddit:author:cpatkyanks24,0.020725345747410362
reddit:author:TurtleCrusher,0.02038969580271421
reddit:author:Patient-Ad-7939,0.020111407625653804
reddit:author:doluckie,0.01990723271459912
reddit:author:PM_MeYourCash,0.01990723271459912
reddit:author:Logitech4873,0.014023224213240646
reddit:author:the1truestripes,0.012672924635688025
reddit:author:blr1g,0.00788239234560497
reddit:author:bobjr94,0.007465069669593083
reddit:author:Suitable_Switch5242,0.007242003684439914
reddit:author:TowElectric,0.0062696822105044216
reddit:author:rosier9,0.005569595899204634
reddit:author:Acshulyak,0.005513052281348663
reddit:author:tech57,0.005513052281348663
reddit:author:Deep-Surprise4854,0.005513052281348663
reddit:author:adrop62,0.005513052281348663
reddit:author:DahlbergT,0.005513052281348663
reddit:author:RaveDamsel,0.005513052281348663
reddit:author:Alexandratta,0.005513052281348663
reddit:author:AZ_Genestealer,0.005513052281348663
reddit:author:klasredux,0.005513052281348663
reddit:author:DamnUOnions,0.005513052281348663
reddit:author:udrius,0.005513052281348663
reddit:author:timelessblur,0.005513052281348663
reddit:author:PedalingHertz,0.005513052281348663
reddit:author:Peds12,0.005513052281348663
reddit:author:p0rkmaster,0.005513052281348663
reddit:author:Ornery_Climate1056,0.005513052281348663
reddit:author:NationCrisis,0.005513052281348663
reddit:author:t0mt0mt0m,0.005513052281348663
reddit:author:Jackpot777,0.005513052281348663
reddit:author:TrollCannon377,0.005513052281348663
reddit:author:CMG30,0.005513052281348663
reddit:author:jkh911208,0.005513052281348663
reddit:author:Ok_Push2550,0.005513052281348663
reddit:author:shivaswrath,0.005513052281348663
reddit:author:Ranchreddit,0.005513052281348663
reddit:author:silverelan,0.005513052281348663
reddit:author:Queasy-Bed545,0.005513052281348663
reddit:author:kimguroo,0.005513052281348663
reddit:author:msmug,0.005513052281348663
reddit:author:notanelonfan2024,0.005513052281348663
reddit:author:Some_Vermicelli80,0.005513052281348663
reddit:author:Owlcatraz,0.005513052281348663
reddit:author:LWBoogie,0.005513052281348663
reddit:author:Ancient_Persimmon,0.005513052281348663
reddit:author:gerkletoss,0.005513052281348663
reddit:author:goranlepuz,0.005396904619119997
reddit:author:FrostyMasterpiece400,0.004422198094694963
reddit:author:RedundancyDoneWell,0.004422198094694963
reddit:author:pimpbot666,0.0027479111471790047
reddit:author:ace184184,0.0027200138202238405
reddit:author:justanotherelvis15,0.0019720378994995944
reddit:author:muegle,0.0019520173882444202
reddit:author:Space2999,0.0019520173882444202
reddit:author:Organic_Mix7180,0.0018133425468158937
reddit:author:dlewis23,0.0018133425468158937
reddit:author:capabus,0.0018133425468158937
reddit:author:FencyMcFenceFace,0.0018133425468158937
reddit:author:andibangr,0.0016633012025637052
reddit:author:PatSajaksDick,0.0016528066428136198
reddit:author:User-no-relation,0.0016360270291948993
reddit:author:THedman07,0.0016360270291948993
reddit:author:scorzon,0.0016360270291948993
reddit:author:LostPrimer,0.0016360270291948993
reddit:author:elcheapodeluxe,0.0016360270291948993
reddit:author:CapitanianExtinction,0.0016360270291948993
reddit:author:Low-Albatross-313,0.0016360270291948993
reddit:author:theotherharper,0.001387661076941007
reddit:author:stupidly_intelligent,0.0011216127445680053
reddit:author:nycplayboy78,0.0011216127445680053
reddit:author:Lopsided_Quarter_931,0.0009450485376364635
reddit:author:Time-Maintenance2165,0.0009340830313708799
reddit:author:appape,0.0009254622172756137
reddit:author:gotohellwithsuperman,0.0009254622172756137
reddit:author:huuaaang,0.0009177350983722524
reddit:author:dirty_cuban,0.0009159703823930015
reddit:author:SnakeJG,0.0009066712734079468
reddit:author:RespectSquare8279,0.0009066712734079468
reddit:author:Virtual-Hotel8156,0.0009066712734079468
reddit:author:GraniteGeekNH,0.0009066712734079468
reddit:author:Dreaming_Blackbirds,0.0009066712734079468
reddit:author:terran1212,0.0009066712734079468
reddit:author:iqisoverrated,0.0009066712734079468
reddit:author:dinkygoat,0.0009066712734079468
reddit:author:xangkory,0.0009066712734079468
reddit:author:Brandon3541,0.0009066712734079468
reddit:author:Polymox,0.0009066712734079468
reddit:author:DontEatConcrete,0.0009066712734079468
reddit:author:shaggy99,0.0009066712734079468
reddit:author:woyteck,0.0009066712734079468
reddit:author:sarhoshamiral,0.0009066712734079468
reddit:author:sprezzaturans,0.0009066712734079468
reddit:author:FriendlyPoem3074,0.0009050787867047181
reddit:author:praemialaudi,0.0007566299291557585
reddit:author:bobsil1,0.0004824630881150879
reddit:author:madkevin,0.0004824630881150879
reddit:author:thegiantgummybear,0.00046704151568543995
reddit:author:psaux_grep,0.00046690199912711354
reddit:author:dcdttu,0.00046690199912711354
reddit:author:ComeBackSquid,0.00013926032215588302
reddit:author:Emergency-Drawer-535,3.0221430156118408e-05
reddit:author:Sagrilarus,2.240605465816739e-05
reddit:author:NotCook59,1.1487259673334984e-05
reddit:author:VralGrymfang,1.1063824964305507e-05
reddit:author:QAWSEDRFTYHUJIKOLP,1.1063824964305507e-05
reddit:author:SmokeySFW,1.1063824964305507e-05
reddit:author:wwwhatisgoingon,1.1063824964305507e-05
reddit:author:InertiaImpact,1.1063824964305507e-05
reddit:author:rdyoung,1.113618918225506e-06
reddit:author:her_o-mione,2.841747233776368e-07
reddit:author:PublicWolf7234,2.784047295563765e-07
reddit:author:Oh_You_Were_Serious,1.2351798231942326e-18
reddit:author:ThrowRAColdManWinter,1.2351798231942326e-18
reddit:author:djjayp,1.0807823452949536e-18
reddit:author:TheRealRacketear,1.0807823452949536e-18
reddit:author:IanTrader,8.515985890382113e-19
reddit:author:tuctrohs,3.0879495579855816e-19
reddit:author:maxyedor,2.8949527106114826e-19
reddit:author:No_Context7340,1.0614826605575437e-19
reddit:author:hippfive,7.719873894963954e-20
reddit:author:humblequest22,1.9299684737409885e-20
reddit:author:Super_Fightin_Robit,4.2218060363084126e-21
reddit:author:do-un-to,0.0
reddit:author:GoSh4rks,-6.75488965809346e-20
reddit:author:maartrack,-3.2809464053596807e-19
reddit:author:StartledPelican,-3.811687735638452e-19
reddit:author:kyledag500,-1.0807823452949536e-18
reddit:author:OriginalCrawnick,-1.0807823452949536e-18
reddit:author:Why-am-I-here-anyway,-1.0807823452949536e-18
reddit:author:akumajfr,-3.705539469582698e-18
